,Account,Date,Text,Compound,Positive,Neutral,Negative
0,@BBC,2018-03-14 17:30:00+00:00,Would you use a cup made of used chewing gum?¬†https://t.co/3yFsUyeZAc,0.0,0.0,1.0,0.0
1,@BBC,2018-03-14 16:43:32+00:00,RT @BBCR1: Big thanks to #PiDay for giving us an excuse to re-share this video of Tom Hiddleston making it sound sexy üòç https://t.co/1VZuCI‚Ä¶,0.8402,0.345,0.655,0.0
2,@BBC,2018-03-14 16:20:43+00:00,"RT @BBCTwo: In a change to tonight‚Äôs schedule, we‚Äôll now be showing a Horizon special from 1983 looking at Stephen Hawking's extraordinary‚Ä¶",0.4019,0.124,0.876,0.0
3,@BBC,2018-03-14 14:38:04+00:00,"üí´‚òÑ From the behaviour of black holes to the origin of the universe, these are the discoveries that made Stephen Haw‚Ä¶ https://t.co/Nep1Hu6Onj",0.0,0.0,1.0,0.0
4,@BBC,2018-03-14 13:24:10+00:00,"Broadcaster and comedian Jim Bowen, best known for hosting darts-based game show Bullseye in the 1980s and '90s, ha‚Ä¶ https://t.co/4d3xxj5e3X",0.7783,0.274,0.726,0.0
5,@BBC,2018-03-14 13:00:06+00:00,"Pi(œÄ) = the most delicious number in the known universe. 
ü•ß #PiDay https://t.co/hjtJByH0XN",0.6779,0.382,0.618,0.0
6,@BBC,2018-03-14 12:49:48+00:00,"RT @BBCR1: üèîüö¥ #Gregathlon is GO! üö¥üèî

@GregJames is getting back on his bike to finish his HUGE challenge for @SportRelief. 

He starts his‚Ä¶",0.561,0.174,0.826,0.0
7,@BBC,2018-03-14 12:17:18+00:00,"RT @bbcgetinspired: üî¥ DANCERS NEEDED! üî¥

Do you know a dancer who would love this? üíÉüï∫ #TuesdayThoughts #GetInspired @birminghamcg22 #Birmin‚Ä¶",0.6696,0.219,0.781,0.0
8,@BBC,2018-03-14 12:12:32+00:00,RT @BBCFOUR: Ruth Ellis was only 28 when she became the last woman hanged to death in the UK ‚Äì and it took place disturbingly recently. htt‚Ä¶,-0.802,0.0,0.769,0.231
9,@BBC,2018-03-14 12:03:05+00:00,"üìö The Bard is credited with inventing several hundred English words. 

Test your knowledge of Bard-influenced corpo‚Ä¶ https://t.co/V3IfPC0kDm",0.3612,0.135,0.865,0.0
10,@BBC,2018-03-14 11:59:37+00:00,"RT @BBCRadio4: Here is a perfect example of Stephen Hawking's extraordinary ability to make serious science genuinely popular
A 90-second e‚Ä¶",0.8176,0.351,0.598,0.052
11,@BBC,2018-03-14 11:56:23+00:00,"RT @bbcthree: ""Having vitiligo is like having something that nobody else has."" https://t.co/IG2a06mxGV",0.3612,0.172,0.828,0.0
12,@BBC,2018-03-14 11:56:14+00:00,RT @bbcouch: George has autism and other health conditions - but his love of skiing is helping him take on the outside world ‚õ∑‚ù§Ô∏è https://t.‚Ä¶,0.8625,0.281,0.719,0.0
13,@BBC,2018-03-14 11:30:12+00:00,"üí´ Stephen Hawking: A life in pictures.
üì∏ üëâ https://t.co/0NOtTi7lyD https://t.co/Q1yeTunvnY",0.0,0.0,1.0,0.0
14,@BBC,2018-03-14 10:27:40+00:00,"'You could ask my dad any question.'

In memory of Stephen Hawking, here's an earlier interview with his daughter L‚Ä¶ https://t.co/6OQlwLfg2d",0.0,0.0,1.0,0.0
15,@BBC,2018-03-14 10:01:19+00:00,RT @BBCArchive: Stephen Hawking first appeared on the BBC in the 1977 documentary The Key to the Universe: The Search for the Laws of Creat‚Ä¶,0.0,0.0,1.0,0.0
16,@BBC,2018-03-14 09:00:05+00:00,'I was homeless on these streets - I'm the perfect tour guide.' https://t.co/jxirkZzebu,0.5719,0.252,0.748,0.0
17,@BBC,2018-03-14 08:35:41+00:00,"Despite 8 million tonnes of plastic entering UK oceans each year, researchers can only account for where 1% of it e‚Ä¶ https://t.co/qHNjcKK9Ap",0.0,0.0,1.0,0.0
18,@BBC,2018-03-14 07:07:28+00:00,Stephen Hawking had once written that he had motor neurone disease for practically all his adult life but said that‚Ä¶ https://t.co/6oyYB57iE6,0.0,0.0,1.0,0.0
19,@BBC,2018-03-14 07:03:36+00:00,RT @BBCr4today: This morning: World renowned physicist Stephen Hawking has died at the age of 76. Here he is reading an extract from his 19‚Ä¶,-0.5574,0.0,0.87,0.13
20,@BBC,2018-03-14 17:30:00+00:00,Would you use a cup made of used chewing gum?¬†https://t.co/3yFsUyeZAc,0.0,0.0,1.0,0.0
21,@BBC,2018-03-14 16:43:32+00:00,RT @BBCR1: Big thanks to #PiDay for giving us an excuse to re-share this video of Tom Hiddleston making it sound sexy üòç https://t.co/1VZuCI‚Ä¶,0.8402,0.345,0.655,0.0
22,@BBC,2018-03-14 16:20:43+00:00,"RT @BBCTwo: In a change to tonight‚Äôs schedule, we‚Äôll now be showing a Horizon special from 1983 looking at Stephen Hawking's extraordinary‚Ä¶",0.4019,0.124,0.876,0.0
23,@BBC,2018-03-14 14:38:04+00:00,"üí´‚òÑ From the behaviour of black holes to the origin of the universe, these are the discoveries that made Stephen Haw‚Ä¶ https://t.co/Nep1Hu6Onj",0.0,0.0,1.0,0.0
24,@BBC,2018-03-14 13:24:10+00:00,"Broadcaster and comedian Jim Bowen, best known for hosting darts-based game show Bullseye in the 1980s and '90s, ha‚Ä¶ https://t.co/4d3xxj5e3X",0.7783,0.274,0.726,0.0
25,@BBC,2018-03-14 13:00:06+00:00,"Pi(œÄ) = the most delicious number in the known universe. 
ü•ß #PiDay https://t.co/hjtJByH0XN",0.6779,0.382,0.618,0.0
26,@BBC,2018-03-14 12:49:48+00:00,"RT @BBCR1: üèîüö¥ #Gregathlon is GO! üö¥üèî

@GregJames is getting back on his bike to finish his HUGE challenge for @SportRelief. 

He starts his‚Ä¶",0.561,0.174,0.826,0.0
27,@BBC,2018-03-14 12:17:18+00:00,"RT @bbcgetinspired: üî¥ DANCERS NEEDED! üî¥

Do you know a dancer who would love this? üíÉüï∫ #TuesdayThoughts #GetInspired @birminghamcg22 #Birmin‚Ä¶",0.6696,0.219,0.781,0.0
28,@BBC,2018-03-14 12:12:32+00:00,RT @BBCFOUR: Ruth Ellis was only 28 when she became the last woman hanged to death in the UK ‚Äì and it took place disturbingly recently. htt‚Ä¶,-0.802,0.0,0.769,0.231
29,@BBC,2018-03-14 12:03:05+00:00,"üìö The Bard is credited with inventing several hundred English words. 

Test your knowledge of Bard-influenced corpo‚Ä¶ https://t.co/V3IfPC0kDm",0.3612,0.135,0.865,0.0
30,@BBC,2018-03-14 11:59:37+00:00,"RT @BBCRadio4: Here is a perfect example of Stephen Hawking's extraordinary ability to make serious science genuinely popular
A 90-second e‚Ä¶",0.8176,0.351,0.598,0.052
31,@BBC,2018-03-14 11:56:23+00:00,"RT @bbcthree: ""Having vitiligo is like having something that nobody else has."" https://t.co/IG2a06mxGV",0.3612,0.172,0.828,0.0
32,@BBC,2018-03-14 11:56:14+00:00,RT @bbcouch: George has autism and other health conditions - but his love of skiing is helping him take on the outside world ‚õ∑‚ù§Ô∏è https://t.‚Ä¶,0.8625,0.281,0.719,0.0
33,@BBC,2018-03-14 11:30:12+00:00,"üí´ Stephen Hawking: A life in pictures.
üì∏ üëâ https://t.co/0NOtTi7lyD https://t.co/Q1yeTunvnY",0.0,0.0,1.0,0.0
34,@BBC,2018-03-14 10:27:40+00:00,"'You could ask my dad any question.'

In memory of Stephen Hawking, here's an earlier interview with his daughter L‚Ä¶ https://t.co/6OQlwLfg2d",0.0,0.0,1.0,0.0
35,@BBC,2018-03-14 10:01:19+00:00,RT @BBCArchive: Stephen Hawking first appeared on the BBC in the 1977 documentary The Key to the Universe: The Search for the Laws of Creat‚Ä¶,0.0,0.0,1.0,0.0
36,@BBC,2018-03-14 09:00:05+00:00,'I was homeless on these streets - I'm the perfect tour guide.' https://t.co/jxirkZzebu,0.5719,0.252,0.748,0.0
37,@BBC,2018-03-14 08:35:41+00:00,"Despite 8 million tonnes of plastic entering UK oceans each year, researchers can only account for where 1% of it e‚Ä¶ https://t.co/qHNjcKK9Ap",0.0,0.0,1.0,0.0
38,@BBC,2018-03-14 07:07:28+00:00,Stephen Hawking had once written that he had motor neurone disease for practically all his adult life but said that‚Ä¶ https://t.co/6oyYB57iE6,0.0,0.0,1.0,0.0
39,@BBC,2018-03-14 07:03:36+00:00,RT @BBCr4today: This morning: World renowned physicist Stephen Hawking has died at the age of 76. Here he is reading an extract from his 19‚Ä¶,-0.5574,0.0,0.87,0.13
40,@BBC,2018-03-14 06:28:18+00:00,"RT @BBCWorld: A brilliant mind,

wicked sense of humor

and a heart big enough to hold the universe. ‚≠êüöÄ

Rest among the stars, Stephen Hawk‚Ä¶",0.3612,0.201,0.683,0.116
41,@BBC,2018-03-14 06:21:50+00:00,"üíî World renowned physicist Stephen Hawking has died at the age of 76.
https://t.co/WxYeUddUJB https://t.co/Sbl0zn1Dma",-0.5574,0.0,0.783,0.217
42,@BBC,2018-03-13 20:00:05+00:00,"Wakanda has Black Panther. 

 Senegal has Sandale-man. https://t.co/T9JnB3pNeq",0.0,0.0,1.0,0.0
43,@BBC,2018-03-13 19:00:05+00:00,‚öî Charis is 19 years old and makes SWORDS for a living! https://t.co/kUUiAjIwNu,0.0,0.0,1.0,0.0
44,@BBC,2018-03-13 18:30:05+00:00,"Microplastics are littering riverbeds across the UK, with hundreds of thousands of plastic particles per square met‚Ä¶ https://t.co/cGhDdnQrTm",0.0,0.0,1.0,0.0
45,@BBC,2018-03-13 17:30:06+00:00,‚ù§Ô∏èüíÉüèª Ballet is STILL the love of Joyce's life at 98-years-old! https://t.co/nzr3Jy1wbS,0.6696,0.29,0.71,0.0
46,@BBC,2018-03-13 17:16:46+00:00,"RT @bbcthree: ""No one needs airbags because you've got two"" 

.... and others things not to say to people who've had cosmetic procedures ht‚Ä¶",-0.296,0.0,0.913,0.087
47,@BBC,2018-03-13 17:13:13+00:00,"RT @BBCR1: Now we have a trailer for #FantasticBeasts: The Crimes of Grindelwald, please can we take a moment to discuss Eddie Redmanyne's‚Ä¶",0.3182,0.103,0.897,0.0
48,@BBC,2018-03-13 17:02:28+00:00,"RT @bbcwritersroom: #Networking, a necessary evil - and why you've got to learn to embrace it! 

Check out @PhilipShelley1's latest blog fo‚Ä¶",-0.5255,0.092,0.72,0.188
49,@BBC,2018-03-13 14:00:22+00:00,"From making serious science genuinely popular to his sense of humour, here are seven reasons we ‚ù§Ô∏è Stephen Hawking.‚Ä¶ https://t.co/zWNEpoOttE",0.6808,0.244,0.702,0.054
50,@BBC,2018-03-13 13:00:08+00:00,üé® This scheme to recycle unused paint has saved hundreds of tons of leftovers from ending up in landfill. https://t.co/Y6oau3hK0s,0.4215,0.135,0.865,0.0
51,@BBC,2018-03-13 12:26:59+00:00,üôÖüíå Fans of #KPop boyband #BigBang have been asked to stop sending fan mail to @IBGDRGN at the army base where he's‚Ä¶ https://t.co/Swh0KwypL7,0.0258,0.09,0.824,0.086
52,@BBC,2018-03-13 12:03:24+00:00,"RT @bbcouch: During the Winter Olympics people across Britain were swept away by curling. And Aileen Neilson, captain of @ParalympicsGB‚Äôs c‚Ä¶",0.0,0.0,1.0,0.0
53,@BBC,2018-03-13 12:00:09+00:00,"Shakespeare's plays are famous around the world, yet much about the playwright is still a mystery. 

Here's what we‚Ä¶ https://t.co/McqCcs3mMj",0.25,0.1,0.9,0.0
54,@BBC,2018-03-13 11:28:09+00:00,"RT @bbcthree: ""Underwater you feel nothing. You're at peace with yourself.""  #perfectday2018 https://t.co/zHpEQSzk4H",-0.431,0.0,0.808,0.192
55,@BBC,2018-03-13 11:26:58+00:00,"RT @BBCiPlayer: Renowned shop owner and music producer, Blacker Dread, was amongst the first pioneers of sound system culture in the UK üáØüá≤‚Ä¶",-0.4588,0.0,0.88,0.12
56,@BBC,2018-03-13 09:00:06+00:00,"ü§î Are we really born to prefer 'boys' or 'girls' toys? 

üêí The answer might lie with monkeys... https://t.co/oI014dsJHD",0.0,0.0,1.0,0.0
57,@BBC,2018-03-13 08:30:07+00:00,"üó£ Accents can be subject to subtle forms of prejudice, but does that mean some are more appealing and trustworthy t‚Ä¶ https://t.co/BgEMXgEzSr",0.6304,0.2,0.718,0.081
58,@BBC,2018-03-13 08:00:03+00:00,Marianne's search for her missing daughter could be straight out of the film #ThreeBillboards. https://t.co/dph6hhzlXi,-0.0772,0.111,0.76,0.129
59,@BBC,2018-03-12 20:17:27+00:00,"RT @BBCOne: ‚ù§Ô∏è Edina, but kind of glad she's not our mum. https://t.co/lQINpsfQuA",0.5515,0.229,0.771,0.0
60,@BBC,2018-03-12 20:16:22+00:00,"RT @BBCnireland: Christopher suffered a severe, life-changing, brain injury. It changed his life and the life of his family. True North: My‚Ä¶",-0.7003,0.099,0.599,0.303
61,@BBC,2018-03-12 19:23:01+00:00,üåä These three women are leading the way in ocean exploration. https://t.co/qwkMRVMiNl,0.2263,0.16,0.84,0.0
62,@BBC,2018-03-12 18:30:06+00:00,"üóìü•ó A week‚Äôs worth of veggie dishes from @ChefTomKerridge, @NigelSlater, @Nigella_Lawson and The @HairyBikers.
üëâ‚Ä¶ https://t.co/VvTZRToT6L",0.2263,0.119,0.881,0.0
63,@BBC,2018-03-12 17:30:05+00:00,"'There's nothing in the dictionary for that.'

üé∂‚ù§Ô∏è The amazing moment eight London teens hear an opera singer in th‚Ä¶ https://t.co/J448SabIeC",0.5859,0.16,0.84,0.0
64,@BBC,2018-03-12 16:44:15+00:00,"RT @BBCTwo: Meet Marshaal and Amal, two of just six women working at this hotel in Oman.

#AmazingHotels #IWD2018 https://t.co/5zdDAFBrZ9",0.0,0.0,1.0,0.0
65,@BBC,2018-03-12 16:24:52+00:00,"RT @BBCOne: To celebrate the life of the amazing Ken Dodd, tonight we will be showing:

22:45 - Arena: Ken Dodd's Happiness
23:45 - Talking‚Ä¶",0.9022,0.357,0.643,0.0
66,@BBC,2018-03-12 16:17:43+00:00,RT @BBCnireland: AMAZING OPPORTUNITY: We're looking for female directors aged 18-30. Could you make a short film for BBC NI &amp; @bbcartsshow?‚Ä¶,0.8429,0.298,0.702,0.0
67,@BBC,2018-03-12 16:07:16+00:00,"üò± @Beyonce and Jay-Z are going on a joint tour called On The Run II, it has finally been confirmed. 
üëâ‚Ä¶ https://t.co/sG72fSqfRi",0.0,0.0,1.0,0.0
68,@BBC,2018-03-12 15:55:51+00:00,"RT @BBCR1: ""Who is your least favourite Carpool Karaoke guest?""
 
@JKCorden always asks difficult questions... So @grimmers let celebs get‚Ä¶",-0.3612,0.0,0.884,0.116
69,@BBC,2018-03-12 14:00:09+00:00,"üòï Binoculars, wet wipes, glue, and other confusingly gendered products...
üëâ https://t.co/iDxK2oSX4R https://t.co/5NxTrzbdb3",-0.34,0.0,0.806,0.194
70,@BBC,2018-03-12 13:30:45+00:00,"French fashion designer Hubert de Givenchy, who created famous looks for Audrey Hepburn and Jackie Kennedy, has die‚Ä¶ https://t.co/UuWcTZ46c2",0.25,0.1,0.9,0.0
71,@BBC,2018-03-12 13:27:27+00:00,"RT @BBCBreakfast: Let's settle this... Which goes first on a scone, cream or jam? 

@MrDanWalker thinks it should be #jamfirst but @LouiseM‚Ä¶",0.0,0.0,1.0,0.0
72,@BBC,2018-03-12 12:59:05+00:00,'Our clothes can be a sixth sense.' https://t.co/DiN7gnxlon,0.0,0.0,1.0,0.0
73,@BBC,2018-03-12 12:46:06+00:00,RT @BBCR1: .@thegreatkhalid gives all the goosebumps with his Live Lounge cover of Tracy Chapman's 'Fast Car' ‚≠êÔ∏è‚ú® https://t.co/03fLgeKklj,0.0,0.0,1.0,0.0
74,@BBC,2018-03-12 12:40:39+00:00,"RT @bbccomedy: In a nutshell, it's a foregone conclusion that you'll accidentally quote the big man during #ShakespeareWeek. The son of a b‚Ä¶",-0.34,0.0,0.888,0.112
75,@BBC,2018-03-12 12:19:24+00:00,RT @BBCWorld: Miami nightclub shut over horse stunt https://t.co/j4SjWAyDWo,0.0,0.0,1.0,0.0
76,@BBC,2018-03-12 12:00:09+00:00,"üé≠ If you‚Äôve ever been ‚Äòin a pickle‚Äô, waited ‚Äòwith bated breath‚Äô, or gone on ‚Äòa wild goose chase‚Äô, then you‚Äôve been‚Ä¶ https://t.co/iAh1LB98DU",0.0,0.0,1.0,0.0
77,@BBC,2018-03-12 10:58:16+00:00,"RT @BBCFOUR: Two common hair straightener temperatures: one's fine, but the other will destroy your hair... https://t.co/BEaLyTWdzy",-0.6542,0.066,0.709,0.225
78,@BBC,2018-03-12 10:55:19+00:00,"RT @bbcthree: ""It's great to go to the court knowing there's no ban... I'm still able to practice my faith while playing basketball.""  #per‚Ä¶",0.7579,0.282,0.647,0.071
79,@BBC,2018-03-12 10:52:55+00:00,"RT @BBCNewsround: Have you been using emojis wrong this whole time? üôàYep, apparently there's an official definition now! https://t.co/Xiwan‚Ä¶",-0.5255,0.0,0.841,0.159
80,@BBC,2018-03-12 09:58:30+00:00,"üíî Sir Ken Dodd, creator of the Diddy Men and one of the most popular comedians of his time, has died aged 90.
üëâ‚Ä¶ https://t.co/Yw0hzqKjyK",0.2433,0.185,0.696,0.119
81,@BBC,2018-03-12 09:00:06+00:00,Is this a 'luxury prison' or the best way to prepare offenders for life outside? https://t.co/uqQZwyCC6S,-0.1531,0.191,0.545,0.264
82,@BBC,2018-03-12 08:30:04+00:00,"üç† Poor, rural societies which ate high-quality, local foods had the best diet and health in mid-Victorian Britain.‚Ä¶ https://t.co/P4N0lA74ch",0.2732,0.18,0.687,0.133
83,@BBC,2018-03-12 08:00:05+00:00,3 out of 4 parents wouldn‚Äôt be able to save their baby from choking. https://t.co/pxYSvLtkBN,0.0516,0.186,0.64,0.174
84,@BBC,2018-03-11 21:39:32+00:00,"RT @bbcthree: ""I felt completely overwhelmed and amazed as soon as he was put on my chest."" https://t.co/3FOgymPjhQ",0.6068,0.237,0.763,0.0
85,@BBC,2018-03-11 21:22:19+00:00,"üé§‚ú® Catch the best performances, exclusive backstage footage and photos from #AsianNetworkLive2018 at‚Ä¶ https://t.co/nWlJnU6AX9",0.6908,0.322,0.678,0.0
86,@BBC,2018-03-11 21:02:37+00:00,"RT @BBCOne: Here's to the memories. ‚ù§Ô∏è
Thank you for watching #CallTheMidwife with us. https://t.co/G1h78O8Qya",0.3612,0.152,0.848,0.0
87,@BBC,2018-03-11 20:00:07+00:00,"Join host @TessDaly for a very special event honouring one of this country's biggest and best-loved entertainers, S‚Ä¶ https://t.co/Cym8TQlXhE",0.861,0.43,0.57,0.0
88,@BBC,2018-03-11 19:54:20+00:00,"RT @bbcouch: ‚ÄòI couldn‚Äôt reach Millie in her toughest year‚Äô

@knight_millie may be celebrating her second silver medal at the Winter Paraly‚Ä¶",0.765,0.29,0.662,0.048
89,@BBC,2018-03-11 19:52:28+00:00,RT @bbcsoutheast: It‚Äôs with great sadness we have to report that our sports reporter Neil Bell passed away in the early hours of Sunday mor‚Ä¶,0.296,0.137,0.767,0.097
90,@BBC,2018-03-11 19:51:36+00:00,RT @BBCBreakfast: Mary Beard's documentaries about the Romans have brought their ancient world to life - now she's turning her hand to the‚Ä¶,0.4939,0.132,0.868,0.0
91,@BBC,2018-03-11 19:51:25+00:00,"RT @BBCiPlayer: I will not allow that man...that nobody...to kill my brother twice. #ACSVersace, now on BBC iPlayer: https://t.co/M1ixQKBH3‚Ä¶",-0.7481,0.0,0.715,0.285
92,@BBC,2018-03-11 19:51:12+00:00,RT @BBCOne: Mums have to put up with some right rubbish. https://t.co/mN7f23pPub,0.0,0.0,1.0,0.0
93,@BBC,2018-03-11 19:50:11+00:00,RT @BBCSpringwatch: Actual Mother's Day sibling selfie üòòüë©‚Äçüëß‚Äçüë¶  #selfie #mothersday #motheringsunday #sunday #winterwatch #wildlife #littleo‚Ä¶,0.0,0.0,1.0,0.0
94,@BBC,2018-03-11 19:49:56+00:00,RT @cbbc: Tanya Muzinda is on a mission to conquer the motocross world. Follow her story Monday 5.30pm üèçÔ∏èüí™ https://t.co/Z9w1GJZS45,0.0,0.0,1.0,0.0
95,@BBC,2018-03-11 19:00:03+00:00,"'That was the end of my childhood.'

üíîMoney saving expert @MartinSLewis opens up about the death of his mum, three‚Ä¶ https://t.co/zFdD7gDBmH",-0.5994,0.0,0.837,0.163
96,@BBC,2018-03-11 18:00:15+00:00,‚ù§Ô∏è These creations are helping to comfort children during their cancer treatment. https://t.co/qque7xnzNx,0.2263,0.353,0.435,0.213
97,@BBC,2018-03-11 17:02:03+00:00,üêë Ewe won't believe how this farmer revives frozen little lambs.  https://t.co/z1UvoIiRXY,0.3818,0.206,0.794,0.0
98,@BBC,2018-03-11 16:55:19+00:00,"RT @BBCMOTD: John Motson in his element during his last ever LIVE commentary (would you believe it?!)
50 years as a commentatorüéô
10 World C‚Ä¶",0.0,0.0,1.0,0.0
99,@BBC,2018-03-11 16:00:04+00:00,"By 2050, 30-50% of all species could be heading towards extinction. https://t.co/2TYrhIiBIw",0.0,0.0,1.0,0.0
100,@CBS,2018-03-13 18:48:52+00:00,"RT @ManWithAPlan: Hungry for more #ManWithAPlan bloopers and behind-the-scenes videos featuring cast like @matt_leblanc, @thelizasnyder, @k‚Ä¶",0.3612,0.143,0.857,0.0
101,@CBS,2018-03-13 14:15:10+00:00,"Music stars @MileyCyrus, @edsheeran, @ladygaga, and more will honor the legendary @eltonofficial and his hit songs‚Ä¶ https://t.co/UzxARCCLnI",0.539,0.179,0.821,0.0
102,@CBS,2018-03-12 18:13:28+00:00,RT @thegoodfight: The verdict is in. The new season of #TheGoodFight is üî•üî•üî•! Stream it now on CBS All Access: https://t.co/FkYSNSXlRb https‚Ä¶,0.2244,0.083,0.917,0.0
103,@CBS,2018-03-12 01:20:43+00:00,"RT @MadamSecretary: In less than an hour, #MadamSecretary's Keith Carradine will be taking over the @MadamSecretary Twitter page! Tweet alo‚Ä¶",0.0,0.0,1.0,0.0
104,@CBS,2018-03-09 22:48:26+00:00,RT @DierksBentley: Take and post a photo of the woman in your life who inspires you daily! Use the hashtag #WomanAmenACM in your post for a‚Ä¶,0.4926,0.117,0.883,0.0
105,@CBS,2018-03-09 22:24:20+00:00,"RT @MomCBS: If you missed guest star @KChenoweth in the latest episode of #Mom, not to worry! Watch now: https://t.co/RlvXoGOZ0l https://t.‚Ä¶",0.1275,0.113,0.795,0.092
106,@CBS,2018-03-09 21:10:21+00:00,"Give a round of applause to @KelseaBallerini, @MirandaLambert, @Reba, @MarenMorris, and @CarrieUnderwood, the five‚Ä¶ https://t.co/Ncp1BTXx6N",0.4215,0.177,0.823,0.0
107,@CBS,2018-03-09 18:27:28+00:00,"RT @thegoodfight: Smart, sexy, and sophisticated. See what's coming this season on #TheGoodFight. https://t.co/CuKhx2G50P https://t.co/ygTI‚Ä¶",0.8658,0.447,0.553,0.0
108,@CBS,2018-03-09 16:02:27+00:00,RT @BlueBloods_CBS: Even stand-up guys fall down sometimes. #BlueBloods is new tonight at 10/9c! https://t.co/UOlDm22wWW,0.0,0.0,1.0,0.0
109,@CBS,2018-03-08 18:00:49+00:00,Today and every day we celebrate the women in our lives who empower and inspire us. Share a story about an¬†influent‚Ä¶ https://t.co/9rVtqrElvT,0.8625,0.336,0.664,0.0
110,@CBS,2018-03-08 17:03:04+00:00,Take and post a photo of the woman in your life who inspires you daily! Use the hashtag #WomanAmenACM in your post‚Ä¶ https://t.co/7ShhvE48zy,0.4926,0.132,0.868,0.0
111,@CBS,2018-03-07 18:39:10+00:00,"RT @thegoodfight: Meticulously constructed. Soapy &amp; sexy. Intoxicating, savage television. üî• Here's what critics are saying about #TheGoodF‚Ä¶",-0.2023,0.15,0.619,0.23
112,@CBS,2018-03-07 17:06:02+00:00,"This just in! @Jason_Aldean, @mirandalambert, @LukeBryanOnline, and many more are set to perform at the 53rd Academ‚Ä¶ https://t.co/mfxw2VxzU4",0.0,0.0,1.0,0.0
113,@CBS,2018-03-06 18:10:59+00:00,"Meet the ensemble of talented actors slated to join $1, a new mystery series coming to CBS All Access:‚Ä¶ https://t.co/QoyYv7vxwg",0.6705,0.244,0.756,0.0
114,@CBS,2018-03-05 22:16:43+00:00,"Will @Jason_Aldean, @garthbrooks, @LukeBryanOnline, @ChrisStapleton, or @KeithUrban be named Entertainer Of The Yea‚Ä¶ https://t.co/rMD8zjeX3s",0.3818,0.167,0.833,0.0
115,@CBS,2018-03-04 08:05:26+00:00,"RT @thegoodfight: It feels good to be back. üë†üíÑüî• The season 2 premiere of #TheGoodFight is now streaming, exclusively on CBS All Access: htt‚Ä¶",0.4404,0.116,0.884,0.0
116,@CBS,2018-03-03 20:55:20+00:00,"RT @thegoodfight: Tomorrow, #TheGoodFight is back. Stream the season 2 premiere only on CBS All Access: https://t.co/tNFR8LBJO2 https://t.c‚Ä¶",0.0,0.0,1.0,0.0
117,@CBS,2018-03-02 22:30:01+00:00,"Who are the trailblazing women in your life that inspire you? Join CBS and the ANA's #SeeHer initiative, celebratin‚Ä¶ https://t.co/M0KqZ41Bes",0.7096,0.247,0.753,0.0
118,@CBS,2018-03-02 20:30:01+00:00,"Join @maria_bello, @aishatyler and @TeaLeoni in celebrating the accomplishments of women who have contributed to th‚Ä¶ https://t.co/MefESBeFL3",0.7096,0.282,0.718,0.0
119,@CBS,2018-03-02 18:45:00+00:00,"In honor of Women's History Month, CBS and the Association of National Advertisers' (ANA) #SeeHer initiative will p‚Ä¶ https://t.co/2wtYxKJVuO",0.4939,0.151,0.849,0.0
120,@CBS,2018-03-13 18:48:52+00:00,"RT @ManWithAPlan: Hungry for more #ManWithAPlan bloopers and behind-the-scenes videos featuring cast like @matt_leblanc, @thelizasnyder, @k‚Ä¶",0.3612,0.143,0.857,0.0
121,@CBS,2018-03-13 14:15:10+00:00,"Music stars @MileyCyrus, @edsheeran, @ladygaga, and more will honor the legendary @eltonofficial and his hit songs‚Ä¶ https://t.co/UzxARCCLnI",0.539,0.179,0.821,0.0
122,@CBS,2018-03-12 18:13:28+00:00,RT @thegoodfight: The verdict is in. The new season of #TheGoodFight is üî•üî•üî•! Stream it now on CBS All Access: https://t.co/FkYSNSXlRb https‚Ä¶,0.2244,0.083,0.917,0.0
123,@CBS,2018-03-12 01:20:43+00:00,"RT @MadamSecretary: In less than an hour, #MadamSecretary's Keith Carradine will be taking over the @MadamSecretary Twitter page! Tweet alo‚Ä¶",0.0,0.0,1.0,0.0
124,@CBS,2018-03-09 22:48:26+00:00,RT @DierksBentley: Take and post a photo of the woman in your life who inspires you daily! Use the hashtag #WomanAmenACM in your post for a‚Ä¶,0.4926,0.117,0.883,0.0
125,@CBS,2018-03-09 22:24:20+00:00,"RT @MomCBS: If you missed guest star @KChenoweth in the latest episode of #Mom, not to worry! Watch now: https://t.co/RlvXoGOZ0l https://t.‚Ä¶",0.1275,0.113,0.795,0.092
126,@CBS,2018-03-09 21:10:21+00:00,"Give a round of applause to @KelseaBallerini, @MirandaLambert, @Reba, @MarenMorris, and @CarrieUnderwood, the five‚Ä¶ https://t.co/Ncp1BTXx6N",0.4215,0.177,0.823,0.0
127,@CBS,2018-03-09 18:27:28+00:00,"RT @thegoodfight: Smart, sexy, and sophisticated. See what's coming this season on #TheGoodFight. https://t.co/CuKhx2G50P https://t.co/ygTI‚Ä¶",0.8658,0.447,0.553,0.0
128,@CBS,2018-03-09 16:02:27+00:00,RT @BlueBloods_CBS: Even stand-up guys fall down sometimes. #BlueBloods is new tonight at 10/9c! https://t.co/UOlDm22wWW,0.0,0.0,1.0,0.0
129,@CBS,2018-03-08 18:00:49+00:00,Today and every day we celebrate the women in our lives who empower and inspire us. Share a story about an¬†influent‚Ä¶ https://t.co/9rVtqrElvT,0.8625,0.336,0.664,0.0
130,@CBS,2018-03-08 17:03:04+00:00,Take and post a photo of the woman in your life who inspires you daily! Use the hashtag #WomanAmenACM in your post‚Ä¶ https://t.co/7ShhvE48zy,0.4926,0.132,0.868,0.0
131,@CBS,2018-03-07 18:39:10+00:00,"RT @thegoodfight: Meticulously constructed. Soapy &amp; sexy. Intoxicating, savage television. üî• Here's what critics are saying about #TheGoodF‚Ä¶",-0.2023,0.15,0.619,0.23
132,@CBS,2018-03-07 17:06:02+00:00,"This just in! @Jason_Aldean, @mirandalambert, @LukeBryanOnline, and many more are set to perform at the 53rd Academ‚Ä¶ https://t.co/mfxw2VxzU4",0.0,0.0,1.0,0.0
133,@CBS,2018-03-06 18:10:59+00:00,"Meet the ensemble of talented actors slated to join $1, a new mystery series coming to CBS All Access:‚Ä¶ https://t.co/QoyYv7vxwg",0.6705,0.244,0.756,0.0
134,@CBS,2018-03-05 22:16:43+00:00,"Will @Jason_Aldean, @garthbrooks, @LukeBryanOnline, @ChrisStapleton, or @KeithUrban be named Entertainer Of The Yea‚Ä¶ https://t.co/rMD8zjeX3s",0.3818,0.167,0.833,0.0
135,@CBS,2018-03-04 08:05:26+00:00,"RT @thegoodfight: It feels good to be back. üë†üíÑüî• The season 2 premiere of #TheGoodFight is now streaming, exclusively on CBS All Access: htt‚Ä¶",0.4404,0.116,0.884,0.0
136,@CBS,2018-03-03 20:55:20+00:00,"RT @thegoodfight: Tomorrow, #TheGoodFight is back. Stream the season 2 premiere only on CBS All Access: https://t.co/tNFR8LBJO2 https://t.c‚Ä¶",0.0,0.0,1.0,0.0
137,@CBS,2018-03-02 22:30:01+00:00,"Who are the trailblazing women in your life that inspire you? Join CBS and the ANA's #SeeHer initiative, celebratin‚Ä¶ https://t.co/M0KqZ41Bes",0.7096,0.247,0.753,0.0
138,@CBS,2018-03-02 20:30:01+00:00,"Join @maria_bello, @aishatyler and @TeaLeoni in celebrating the accomplishments of women who have contributed to th‚Ä¶ https://t.co/MefESBeFL3",0.7096,0.282,0.718,0.0
139,@CBS,2018-03-02 18:45:00+00:00,"In honor of Women's History Month, CBS and the Association of National Advertisers' (ANA) #SeeHer initiative will p‚Ä¶ https://t.co/2wtYxKJVuO",0.4939,0.151,0.849,0.0
140,@CBS,2018-03-01 18:59:01+00:00,RT @ZoeListerJones: Tonight‚Äôs an all new Life In Pieces and it‚Äôs directed by my ride or die @nataliaanderson!!!‚Ä¶ https://t.co/2LPfmyLWrY,-0.6981,0.0,0.79,0.21
141,@CBS,2018-03-01 18:12:57+00:00,"RT @MarenMorris: Hot damn! Woke up from my post-wisdom teeth haze to find out I‚Äôm up for 4 @ACMawards ! So honored, especially for the Dear‚Ä¶",0.4547,0.159,0.749,0.092
142,@CBS,2018-03-01 18:11:50+00:00,RT @KelseaBallerini: Ohhhhh goodness. Incredible. Thank you thank you thank you. #female https://t.co/1ZTYjNfQeF,0.8591,0.538,0.462,0.0
143,@CBS,2018-03-01 18:10:50+00:00,RT @KeithUrban: ACMs...... HOLY SMOKES!!!!! MAD LOVE TO U ALL THIS MORNING  FOR THESE INCREDIBLE NOMINATIONS. I‚ÄôM EXTREMELY GRATEFUL!!!!!!!‚Ä¶,0.4885,0.234,0.615,0.151
144,@CBS,2018-03-01 14:36:21+00:00,"RT @ACMawards: Congratulations to this year‚Äôs #ACMawards Video of the Year nominees:
‚ÄúBlack‚Äù - @DierksBentley
‚ÄúIt Ain‚Äôt My Fault‚Äù - @Brothe‚Ä¶",0.5994,0.178,0.822,0.0
145,@CBS,2018-03-01 14:29:20+00:00,"RT @ACMawards: Please give a round of applause to this year‚Äôs #ACMawards Entertainer of the Year nominees: @Jason_Aldean, @GarthBrooks, @Lu‚Ä¶",0.7717,0.325,0.675,0.0
146,@CBS,2018-03-01 14:15:29+00:00,".@ChrisStapleton, @ThomasRhett, @mirandalambert and more are all nominated for awards at Country Music's Party of t‚Ä¶ https://t.co/Vm1vXRUDYJ",0.6908,0.275,0.725,0.0
147,@CBS,2018-03-01 13:50:11+00:00,"The Queen of Country, @Reba, is returning to host the 53rd #ACMawards on Sunday, April 15 at 8/7c. Here are a few o‚Ä¶ https://t.co/Iqzz6Gql01",0.0,0.0,1.0,0.0
148,@CBS,2018-03-01 01:04:52+00:00,RT @survivorcbs: It‚Äôs time! #Survivor https://t.co/YPk6cGWrUA,0.0,0.0,1.0,0.0
149,@CBS,2018-02-28 19:56:58+00:00,"RT @CBSThisMorning: TOMORROW: The nominees for the 2018 @ACMawards will be announced live by the one-and-only, @Reba! 

Watch on @CBS in ou‚Ä¶",0.0,0.0,1.0,0.0
150,@CBS,2018-02-28 19:08:30+00:00,"RT @thegoodfight: From the set design and costumes to hair and makeup, the production quality is truly next-level. Take a peek inside the u‚Ä¶",0.4404,0.116,0.884,0.0
151,@CBS,2018-02-27 03:23:47+00:00,RT @LivinBiblically: The fun continues on Facebook! The #LivingBiblically cast is live to talk about tonight‚Äôs premiere. Tune in here: http‚Ä¶,0.5562,0.152,0.848,0.0
152,@CBS,2018-02-26 22:50:32+00:00,"RT @KevinCanWaitCBS: Can you get all the way through these #KevinCanWait bloopers without laughing?! @KevinJames,@LeahRemini and the rest o‚Ä¶",0.0,0.0,1.0,0.0
153,@CBS,2018-02-26 21:08:30+00:00,"RT @ACMawards: That‚Äôs right! @Reba is headed to @CBSThisMorning on Thursday, March 1 to announce this year‚Äôs #ACMAwards' nominees. Tune in‚Ä¶",0.0,0.0,1.0,0.0
154,@CBS,2018-02-26 19:53:41+00:00,"RT @ScorpionCBS: You can't hack your way to a 197 IQ, but you are well on your way with these Genius Facts from #TeamScorpion! üíª You can be‚Ä¶",0.4482,0.105,0.895,0.0
155,@CBS,2018-02-26 18:32:36+00:00,RT @SuperiorDonuts: You can always count on @DavidKoechner for a laugh! Did your favorite Tush moment make the list? Catch a new #SuperiorD‚Ä¶,0.784,0.266,0.734,0.0
156,@CBS,2018-02-26 18:20:16+00:00,RT @TheTalkCBS: TODAY: We loved them together then &amp; we love seeing them together now! Welcome back to the show @THESaraGilbert‚Äã's good fri‚Ä¶,0.9359,0.429,0.571,0.0
157,@CBS,2018-02-26 16:53:56+00:00,"RT @thegoodfight: As foundations begin to crumble, our characters struggle to make sense of this new dystopian world. The cast teases what'‚Ä¶",-0.5423,0.0,0.816,0.184
158,@CBS,2018-02-26 16:52:01+00:00,"#LivingBiblically's @linzkraft and @jrfergjr appeared on @KCBS's Facebook Live this morning, talking all about what‚Ä¶ https://t.co/4RebcHuuMQ",0.0,0.0,1.0,0.0
159,@CBS,2018-02-26 16:17:55+00:00,"RT @CBSSports: Introducing CBS Sports HQ, a New 24/7 Direct-to-Consumer Streaming Network for Sports News, Highlights, &amp; Analysis.

Stream‚Ä¶",0.0,0.0,1.0,0.0
160,@CBS,2018-02-26 01:12:32+00:00,"RT @CBSBigBrother: It‚Äôs down to the final 5 celebrity Houseguests, and anyone could take home the grand prize! Tune in NOW to watch the #BB‚Ä¶",0.7644,0.231,0.769,0.0
161,@CBS,2018-02-25 21:51:32+00:00,RT @startrekcbs: Binge the entire first season of #StarTrekDiscovery. All episodes now streaming exclusively on CBS All Access: https://t.c‚Ä¶,0.0,0.0,1.0,0.0
162,@CBS,2018-02-25 21:51:22+00:00,"RT @thegoodfight: #TheGoodFight returns in 1 week. Season 2 premieres Sunday, March 4. https://t.co/nomCao1GWp https://t.co/BOn6bOe9Tb",0.0,0.0,1.0,0.0
163,@CBS,2018-02-23 18:15:40+00:00,RT @thegoodfight: This is our new favorite thing. Christine Baranski debuted #TheGoodFight the Musical on @colbertlateshow last night! üéµüé§‚Ä¶,0.5093,0.155,0.845,0.0
164,@CBS,2018-02-22 19:26:52+00:00,"RT @LivinBiblically: Confession time: have YOU ever hit the ""close door"" button in an elevator while somebody was approaching? The cast of‚Ä¶",0.0,0.0,1.0,0.0
165,@CBS,2018-02-21 19:20:04+00:00,RT @CBSEyeSpeak: Mark your calendars! #CBSEyeSpeak kicks off March 14 with The EYE Speak Summit. Follow our page for more details! https://‚Ä¶,0.0,0.0,1.0,0.0
166,@CBS,2018-02-21 18:19:25+00:00,"RT @CBSEyeSpeak: Proud to announce a new CBS initiative, promoting female empowerment and developing the next generation of leaders through‚Ä¶",0.6808,0.248,0.752,0.0
167,@CBS,2018-02-20 19:55:19+00:00,"RT @LivinBiblically: When you're living by the Bible, it's good to have a priest and a rabbi on call (provided they answer their phones, th‚Ä¶",0.4404,0.116,0.884,0.0
168,@CBS,2018-02-20 17:58:18+00:00,"RT @thegoodfight: Chicago lawyers are being hunted and the world is going insane. 

The new season of #TheGoodFight premieres Sunday, March‚Ä¶",-0.4019,0.0,0.881,0.119
169,@CBS,2018-02-20 17:39:51+00:00,Ready for some larger than life competition? This new series from @MarkBurnettTV will premiere in summer 2018.‚Ä¶ https://t.co/gDXHLdIJ5v,0.3612,0.128,0.872,0.0
170,@CBS,2018-02-17 01:07:20+00:00,"With tournament dreams on the line, make sure to stream these college basketball matchups on CBS All Access:‚Ä¶ https://t.co/SGkYUZrQWB",0.6124,0.227,0.773,0.0
171,@CBS,2018-02-16 18:42:43+00:00,"RT @LivinBiblically: While Chip's sticking to the Bible's original rules, the cast of #LivingBiblically has given them a more modern makeov‚Ä¶",0.3182,0.108,0.892,0.0
172,@CBS,2018-02-16 17:48:20+00:00,"Casting News! Peter Mark Kendall, Michael Gaston, Greg Wise, Rade ≈†erbed≈æija, Zack Pearlman, and Keye Chen join the‚Ä¶ https://t.co/GFob2KrD8H",0.68,0.248,0.752,0.0
173,@CBS,2018-02-14 19:23:27+00:00,RT @BullCBS: The verdict is in...#Bull is the perfect Valentine! ‚ù§Ô∏è Happy #ValentinesDay! https://t.co/poEejI4AnC,0.8619,0.466,0.534,0.0
174,@CBS,2018-02-13 20:03:56+00:00,"RT @NoActivityCBS: Car 27 reporting: Season 2 of #NoActivity coming soon!

Binge season one now on CBS All Access: https://t.co/yvxoQMeyhN‚Ä¶",0.0,0.0,1.0,0.0
175,@CBS,2018-02-13 18:54:52+00:00,"RT @LivinBiblically: Against all odds (and the advice of his God Squad), Chip is determined to live life by the Good Book. Think you could‚Ä¶",0.7506,0.252,0.748,0.0
176,@CBS,2018-02-12 18:49:45+00:00,RT @thegoodfight: Christine Baranski reflects upon the spectacular metamorphosis of her character in #TheGoodFight's first season. Revisit‚Ä¶,0.0,0.0,1.0,0.0
177,@CBS,2018-02-12 01:32:33+00:00,RT @startrekcbs: Binge the entire first season of #StarTrekDiscovery. All 15 episodes now streaming on CBS All Access: https://t.co/lKLaptP‚Ä¶,0.0,0.0,1.0,0.0
178,@CBS,2018-02-09 00:50:01+00:00,RT @SuperiorDonuts: Looking for a #Valentine? Tush is here to help you land your dream date just in time for the day of love! #SuperiorDonu‚Ä¶,0.8478,0.304,0.696,0.0
179,@CBS,2018-02-08 16:09:35+00:00,RT @CBSBigBrother: The pressure is on as the Houseguests battle each other for victory in the first HOH competition. Stream the season prem‚Ä¶,-0.5859,0.0,0.814,0.186
180,@CBS,2018-02-07 18:35:19+00:00,"RT @startrekcbs: Sunday, this season's epic journey reaches its final reckoning. Catch up before the season finale: https://t.co/4Ea5wpmAep‚Ä¶",0.0516,0.066,0.934,0.0
181,@CBS,2018-02-07 16:17:48+00:00,"Are you a sucker for jaw-dropping talent competitions? Announcing The World's Best, a first-of-its-kind new global‚Ä¶ https://t.co/fagCMklm2Z",0.5574,0.312,0.536,0.152
182,@CBS,2018-02-06 22:21:39+00:00,"RT @BullCBS: Tonight, one of these 3 TAC employees will end up incarcerated. Who do you think it will be? Tune into a new episode of #Bull‚Ä¶",0.0,0.0,1.0,0.0
183,@CBS,2018-02-06 17:05:49+00:00,"RT @thegoodfight: There's no season like lawyer season. #TheGoodFight returns March 4, exclusively on CBS All Access. https://t.co/XAlrg1nB‚Ä¶",0.0772,0.121,0.773,0.106
184,@CBS,2018-02-04 15:35:36+00:00,"RT @thegoodfight: The acclaimed series returns in 1 month. #TheGoodFight is back Sunday, March 4. https://t.co/5BNLTYRd8p https://t.co/yInP‚Ä¶",0.0,0.0,1.0,0.0
185,@CBS,2018-02-04 12:00:01+00:00,".@KeshaRose's emotional performance with @CyndiLauper, @AndraDayMusic, @BebeRexha and @Camila_Cabello brought the a‚Ä¶ https://t.co/qpgS2e9ir0",0.1531,0.118,0.882,0.0
186,@CBS,2018-02-03 23:11:43+00:00,Broadway legend Patti LuPone paid tribute to Sir Andrew Lloyd Webber with a show-stopping rendition of the iconic s‚Ä¶ https://t.co/GxqLtUzhFP,0.0,0.0,1.0,0.0
187,@CBS,2018-02-03 12:00:07+00:00,"Relive an entire night's worth of big wins, live performances and many more inspiring moments from The 60th Annual‚Ä¶ https://t.co/CH7mJ4Y3QT",0.8268,0.338,0.662,0.0
188,@CBS,2018-02-02 22:36:13+00:00,RT @swatcbs: ‚ú®@TheTalkCBS' @TheRealEve and @ShemarMoore brought some serious heat to the GRAMMYs red carpet: https://t.co/WYTITKkLQd https:‚Ä¶,-0.0772,0.0,0.925,0.075
189,@CBS,2018-02-02 20:07:40+00:00,"The all-star collaboration between @Rihanna, @DJKhaled and @brysontiller brought the party to the #GRAMMYs with a s‚Ä¶ https://t.co/jTv5QbtgUp",0.4019,0.144,0.856,0.0
190,@CBS,2018-02-02 19:03:33+00:00,RT @TheTalkCBS: All the #redcarpet looks from the 60th annual #GRAMMYs! Did you catch @TheRealEve's sparkly two-piece suit? Diamond accents‚Ä¶,0.4003,0.124,0.876,0.0
191,@CBS,2018-02-02 17:23:18+00:00,Go backstage with the celebs and see which stars celebrated the big night together! Here are the moments you missed‚Ä¶ https://t.co/rgQTXRQyLg,0.6114,0.166,0.834,0.0
192,@CBS,2018-02-01 22:04:41+00:00,üé∂ @DearEvanHansen star Ben Platt gave a soaring performance of a classic Broadway hit. Watch him perform 'Somewhere‚Ä¶ https://t.co/HcuizFWo02,0.0,0.0,1.0,0.0
193,@CBS,2018-02-01 20:09:49+00:00,"üé∏ @LittleBigTown, @U2, @BrunoMars and @Pink are just a few of the superstar performers that lit up the stage at The‚Ä¶ https://t.co/2v0MNYMItG",0.0,0.0,1.0,0.0
194,@CBS,2018-01-31 21:42:15+00:00,"Don't miss country stars Emmylou Harris and @ChrisStapleton perform a moving rendition of @TomPetty's classic song,‚Ä¶ https://t.co/GxoIW97XIu",0.1139,0.088,0.912,0.0
195,@CBS,2018-01-31 17:05:47+00:00,RT @survivorcbs: Get excited! üôå It‚Äôs finally time to meet the castaways of #Survivor: Ghost Island ‚ò† https://t.co/xQQ8ROhKbM https://t.co/P‚Ä¶,0.1007,0.135,0.75,0.115
196,@CBS,2018-01-31 16:37:17+00:00,"Country stars @EricChurch, @BrothersOsborne and @MarenMorris performed a touching tribute dedicated to the victims‚Ä¶ https://t.co/YCIq9i70fd",0.4588,0.188,0.812,0.0
197,@CBS,2018-01-31 06:55:30+00:00,Missed the Man vs. Beast #SuperBowlCommercials showdown? Catch up now to find out which entertaining ad was named t‚Ä¶ https://t.co/SlyO0n7yMX,0.1779,0.126,0.779,0.095
198,@CBS,2018-01-31 02:15:16+00:00,"RT @rikimae: Ok, that one makes me cry #superbowlcommercials",-0.2263,0.179,0.569,0.252
199,@CBS,2018-01-31 01:58:40+00:00,"If this doesn‚Äôt make you cry, nothing will. #SuperBowlCommercials https://t.co/UjFf3xr4so",-0.4767,0.0,0.744,0.256
200,@CNN,2018-03-14 18:20:09+00:00,These students did not walk out to protest tougher gun laws https://t.co/IQi2WHdZhJ https://t.co/UraVh97v39,-0.4019,0.106,0.621,0.273
201,@CNN,2018-03-14 18:09:00+00:00,"Students at a Los Angeles school held a die-in spelling #ENOUGH with their bodies as a gong sounded 17 times, one f‚Ä¶ https://t.co/TkKSrs07tM",0.0,0.0,1.0,0.0
202,@CNN,2018-03-14 18:08:00+00:00,Stephen Hawking became a pop culture icon by explaining the mysteries of the universe to a mass audience -- while r‚Ä¶ https://t.co/uGY4iasCvn,0.0,0.0,1.0,0.0
203,@CNN,2018-03-14 17:57:40+00:00,JUST IN: Attorney General Jeff Sessions is considering firing former FBI Deputy Director Andrew McCabe. He is set t‚Ä¶ https://t.co/SQCzdPxonz,-0.34,0.0,0.888,0.112
204,@CNN,2018-03-14 17:50:06+00:00,About half of all plants and animals in 35 of the world's most biodiverse places are at risk of extinction due to c‚Ä¶ https://t.co/RMFefnbuG6,-0.2732,0.0,0.916,0.084
205,@CNN,2018-03-14 17:46:00+00:00,"Munich, Germany, is a long way from the ocean and it's pretty darn cold this time of year, but that doesn't stop so‚Ä¶ https://t.co/uut7kS4tmq",0.5318,0.174,0.826,0.0
206,@CNN,2018-03-14 17:39:05+00:00,The White House is trying to distance itself from a poor showing by the Republican candidate in the Pennsylvania's‚Ä¶ https://t.co/jewBjWD74N,-0.4767,0.0,0.853,0.147
207,@CNN,2018-03-14 17:29:30+00:00,"Across the United States, students are walking out of school to say enough is enough with regards to gun violence a‚Ä¶ https://t.co/Bj3mMv1FLy",-0.5719,0.099,0.671,0.23
208,@CNN,2018-03-14 17:16:15+00:00,BREAKING: President Trump names economist and conservative media analyst Larry Kudlow to head National Economic Cou‚Ä¶ https://t.co/t9YrV95Z2Z,0.0,0.0,1.0,0.0
209,@CNN,2018-03-14 16:45:06+00:00,"""I'll control my own guns, thank you,"" the NRA tweeted as thousands of students walked out of schools across the na‚Ä¶ https://t.co/XnSs9fin1o",0.3612,0.106,0.894,0.0
210,@CNN,2018-03-14 16:34:29+00:00,Former Trump campaign aide Sam Nunberg says he warned Roger Stone about associating with WikiLeaks founder Julian A‚Ä¶ https://t.co/hFEXvQFVvd,-0.2732,0.0,0.896,0.104
211,@CNN,2018-03-14 16:23:41+00:00,RT @CNNPhotos: Stephen Hawking‚Äôs life in pictures: https://t.co/xdfuPBDhZm https://t.co/Ri2WD2w7H1,0.0,0.0,1.0,0.0
212,@CNN,2018-03-14 16:15:01+00:00,"Students in Littleton, Colorado ‚Äî the site of the 1999 Columbine high school shooting ‚Äî 
 are walking out of school‚Ä¶ https://t.co/cBtYXrO0QK",0.0,0.0,1.0,0.0
213,@CNN,2018-03-14 16:02:02+00:00,"First lady Melania Trump is making steps toward a campaign against cyberbullying, hosting tech leaders at the White‚Ä¶ https://t.co/SL6YfDGNSa",0.0,0.0,1.0,0.0
214,@CNN,2018-03-14 15:57:10+00:00,These New York City elementary school students sang ‚ÄúPut a Little Love in Your Heart‚Äù during their walkout protest‚Ä¶ https://t.co/MCzUeksxDl,0.3832,0.168,0.733,0.099
215,@CNN,2018-03-14 15:44:17+00:00,So what do the students want? Here are the 3 most common demands from those marching out of class this morning to d‚Ä¶ https://t.co/QqYC3sXXV2,0.0772,0.056,0.944,0.0
216,@CNN,2018-03-14 15:29:37+00:00,"Students across the country are walking out of school to protest in solidarity with students in Parkland, Florida‚Ä¶ https://t.co/kxw7EyasbD",0.0516,0.104,0.802,0.094
217,@CNN,2018-03-14 15:18:56+00:00,"""People who boast about their IQ are losers.""

As well as being one of the world's most renowned scientists, Stephe‚Ä¶ https://t.co/cXptnRSdrT",0.2732,0.095,0.905,0.0
218,@CNN,2018-03-14 15:00:06+00:00,This Georgia school district doesn't support the student walkouts. The parents do. https://t.co/K9OMHMeXf7 https://t.co/xIaCJrTnKv,-0.4512,0.0,0.752,0.248
219,@CNN,2018-03-14 14:55:08+00:00,"So, HUD lied about buying Ben Carson's $31,000 dining room set? | Analysis by @CillizzaCNN https://t.co/69N62wAUbe https://t.co/CnWBvn4ko0",-0.4364,0.0,0.839,0.161
220,@CNN,2018-03-14 18:20:09+00:00,These students did not walk out to protest tougher gun laws https://t.co/IQi2WHdZhJ https://t.co/UraVh97v39,-0.4019,0.106,0.621,0.273
221,@CNN,2018-03-14 18:09:00+00:00,"Students at a Los Angeles school held a die-in spelling #ENOUGH with their bodies as a gong sounded 17 times, one f‚Ä¶ https://t.co/TkKSrs07tM",0.0,0.0,1.0,0.0
222,@CNN,2018-03-14 18:08:00+00:00,Stephen Hawking became a pop culture icon by explaining the mysteries of the universe to a mass audience -- while r‚Ä¶ https://t.co/uGY4iasCvn,0.0,0.0,1.0,0.0
223,@CNN,2018-03-14 17:57:40+00:00,JUST IN: Attorney General Jeff Sessions is considering firing former FBI Deputy Director Andrew McCabe. He is set t‚Ä¶ https://t.co/SQCzdPxonz,-0.34,0.0,0.888,0.112
224,@CNN,2018-03-14 17:50:06+00:00,About half of all plants and animals in 35 of the world's most biodiverse places are at risk of extinction due to c‚Ä¶ https://t.co/RMFefnbuG6,-0.2732,0.0,0.916,0.084
225,@CNN,2018-03-14 17:46:00+00:00,"Munich, Germany, is a long way from the ocean and it's pretty darn cold this time of year, but that doesn't stop so‚Ä¶ https://t.co/uut7kS4tmq",0.5318,0.174,0.826,0.0
226,@CNN,2018-03-14 17:39:05+00:00,The White House is trying to distance itself from a poor showing by the Republican candidate in the Pennsylvania's‚Ä¶ https://t.co/jewBjWD74N,-0.4767,0.0,0.853,0.147
227,@CNN,2018-03-14 17:29:30+00:00,"Across the United States, students are walking out of school to say enough is enough with regards to gun violence a‚Ä¶ https://t.co/Bj3mMv1FLy",-0.5719,0.099,0.671,0.23
228,@CNN,2018-03-14 17:16:15+00:00,BREAKING: President Trump names economist and conservative media analyst Larry Kudlow to head National Economic Cou‚Ä¶ https://t.co/t9YrV95Z2Z,0.0,0.0,1.0,0.0
229,@CNN,2018-03-14 16:45:06+00:00,"""I'll control my own guns, thank you,"" the NRA tweeted as thousands of students walked out of schools across the na‚Ä¶ https://t.co/XnSs9fin1o",0.3612,0.106,0.894,0.0
230,@CNN,2018-03-14 16:34:29+00:00,Former Trump campaign aide Sam Nunberg says he warned Roger Stone about associating with WikiLeaks founder Julian A‚Ä¶ https://t.co/hFEXvQFVvd,-0.2732,0.0,0.896,0.104
231,@CNN,2018-03-14 16:23:41+00:00,RT @CNNPhotos: Stephen Hawking‚Äôs life in pictures: https://t.co/xdfuPBDhZm https://t.co/Ri2WD2w7H1,0.0,0.0,1.0,0.0
232,@CNN,2018-03-14 16:15:01+00:00,"Students in Littleton, Colorado ‚Äî the site of the 1999 Columbine high school shooting ‚Äî 
 are walking out of school‚Ä¶ https://t.co/cBtYXrO0QK",0.0,0.0,1.0,0.0
233,@CNN,2018-03-14 16:02:02+00:00,"First lady Melania Trump is making steps toward a campaign against cyberbullying, hosting tech leaders at the White‚Ä¶ https://t.co/SL6YfDGNSa",0.0,0.0,1.0,0.0
234,@CNN,2018-03-14 15:57:10+00:00,These New York City elementary school students sang ‚ÄúPut a Little Love in Your Heart‚Äù during their walkout protest‚Ä¶ https://t.co/MCzUeksxDl,0.3832,0.168,0.733,0.099
235,@CNN,2018-03-14 15:44:17+00:00,So what do the students want? Here are the 3 most common demands from those marching out of class this morning to d‚Ä¶ https://t.co/QqYC3sXXV2,0.0772,0.056,0.944,0.0
236,@CNN,2018-03-14 15:29:37+00:00,"Students across the country are walking out of school to protest in solidarity with students in Parkland, Florida‚Ä¶ https://t.co/kxw7EyasbD",0.0516,0.104,0.802,0.094
237,@CNN,2018-03-14 15:18:56+00:00,"""People who boast about their IQ are losers.""

As well as being one of the world's most renowned scientists, Stephe‚Ä¶ https://t.co/cXptnRSdrT",0.2732,0.095,0.905,0.0
238,@CNN,2018-03-14 15:00:06+00:00,This Georgia school district doesn't support the student walkouts. The parents do. https://t.co/K9OMHMeXf7 https://t.co/xIaCJrTnKv,-0.4512,0.0,0.752,0.248
239,@CNN,2018-03-14 14:55:08+00:00,"So, HUD lied about buying Ben Carson's $31,000 dining room set? | Analysis by @CillizzaCNN https://t.co/69N62wAUbe https://t.co/CnWBvn4ko0",-0.4364,0.0,0.839,0.161
240,@CNN,2018-03-14 14:53:11+00:00,RT @ryanobles: Student protesters have arrived at the US Capitol after marching from the White House. They are calling for     changes to t‚Ä¶,-0.2263,0.0,0.921,0.079
241,@CNN,2018-03-14 14:45:10+00:00,"""Be a nuisance when it counts"": Broward County's school superintendent @RobertwRuncie tweeted this quote from Marjo‚Ä¶ https://t.co/ECwZAFtEQe",0.0,0.0,1.0,0.0
242,@CNN,2018-03-14 14:35:04+00:00,"Ryan Petty lost his daughter Alaina in the Florida school shooting. He says, to effect change, people should consid‚Ä¶ https://t.co/VnzSueF0Sx",-0.4767,0.0,0.814,0.186
243,@CNN,2018-03-14 14:26:00+00:00,RT @ryanobles: Long line of parents/students wait for an opportunity to get into a Senate hearing on gun violence. They have already set up‚Ä¶,-0.5719,0.096,0.683,0.222
244,@CNN,2018-03-14 14:25:08+00:00,"It's more than just a simple choice in clothing. It's meant to send a powerful message.

Here's why kids are wearin‚Ä¶ https://t.co/FNmkhu6nTP",0.4215,0.128,0.872,0.0
245,@CNN,2018-03-14 14:14:44+00:00,Parkland student on the nationwide school walkout: ‚ÄúIt shows the impact that we‚Äôre making and it really shows us th‚Ä¶ https://t.co/ELclCZ561D,-0.3182,0.0,0.897,0.103
246,@CNN,2018-03-14 14:09:34+00:00,"‚ÄúYeah, I‚Äôm voting. I‚Äôm 18‚Ä¶ politicians have failed us‚Ä¶ the gun laws in America are absolutely absurd‚Äù: Students in‚Ä¶ https://t.co/fsuQGsgHyS",-0.6908,0.0,0.759,0.241
247,@CNN,2018-03-14 13:59:50+00:00,"‚ÄúWe want change!‚Äù: Students are marching in New Jersey, New York and at the White House to protest gun violence in‚Ä¶ https://t.co/zFJu54HZyi",-0.8172,0.046,0.641,0.313
248,@CNN,2018-03-14 13:51:12+00:00,Thousands of students from Maine to California are walking out of their schools today. They‚Äôll stay outside for 17‚Ä¶ https://t.co/vXkgwv3bcH,0.0,0.0,1.0,0.0
249,@CNN,2018-03-14 13:43:05+00:00,Ford is recalling 1.4 million vehicles because the steering wheels can become loose and even come off while driving https://t.co/iTorgWr0qr,-0.3182,0.0,0.892,0.108
250,@CNN,2018-03-14 13:36:32+00:00,"JUST IN: Toys ""R"" Us is closing all of its stores in the UK https://t.co/Ps2zIhOcUj https://t.co/pQ4rUprXjd",0.0,0.0,1.0,0.0
251,@CNN,2018-03-14 13:30:16+00:00,"Hours before the National School Walkout began in the United States, students in other countries got up from their‚Ä¶ https://t.co/ThiRAiKeql",0.128,0.121,0.779,0.1
252,@CNN,2018-03-14 13:20:10+00:00,"The US government racked up a $215 billion deficit in February -- the largest monthly deficit in six years, new US‚Ä¶ https://t.co/ipt2Sm4V5S",-0.6597,0.0,0.779,0.221
253,@CNN,2018-03-14 13:10:07+00:00,Figures from the scientific community and beyond came together to mark the passing of famed physicist Stephen Hawki‚Ä¶ https://t.co/ZriPPiLlTO,0.0,0.0,1.0,0.0
254,@CNN,2018-03-14 13:00:15+00:00,Facebook has banned the far-right political party Britain First for hate speech. The group gained international att‚Ä¶ https://t.co/K27reh8mJ9,-0.34,0.204,0.538,0.258
255,@CNN,2018-03-14 12:57:43+00:00,"UK PM Theresa May on spy poisoning: Russia has ""demonstrated complete disdain for the gravity of these events... th‚Ä¶ https://t.co/DgtJelC1yl",-0.7845,0.0,0.723,0.277
256,@CNN,2018-03-14 12:54:35+00:00,"JUST IN: Prime Minister Theresa May announces that the UK will expel 23 Russian diplomats ""who have been identified‚Ä¶ https://t.co/9S3IJRN39l",-0.4404,0.0,0.868,0.132
257,@CNN,2018-03-14 12:50:09+00:00,There are 119 Republican House members who should be VERY nervous today | Analysis by @CillizzaCNN‚Ä¶ https://t.co/gQn7c5oeRa,-0.4812,0.0,0.828,0.172
258,@CNN,2018-03-14 12:40:16+00:00,"""People who boast about their IQ are losers.""

As well as being one of the world's most renowned scientists, Stephe‚Ä¶ https://t.co/hJKHx2NWr1",0.2732,0.095,0.905,0.0
259,@CNN,2018-03-14 12:35:07+00:00,A generation shaped by gun violence plans to make itself heard today https://t.co/VEKD1BMRLH https://t.co/QLwae9iQdi,-0.7579,0.0,0.629,0.371
260,@CNN,2018-03-14 12:30:13+00:00,Walmart is bringing online grocery delivery to 100 cities https://t.co/uj1lmX7IAf https://t.co/GIrRN01iqw,0.0,0.0,1.0,0.0
261,@CNN,2018-03-14 12:22:38+00:00,This Newtown student says he's walking out of class today along with hundreds of others to show lawmakers that he h‚Ä¶ https://t.co/eogbNM8iBX,0.0,0.0,1.0,0.0
262,@CNN,2018-03-14 12:15:03+00:00,"The US House of Representatives will vote today on a bill to fund more security at schools, exactly one month after‚Ä¶ https://t.co/OInsHlvhwv",0.4005,0.119,0.881,0.0
263,@CNN,2018-03-14 12:09:08+00:00,About half of all plants and animals in 35 of the world's most biodiverse places are at risk of extinction due to c‚Ä¶ https://t.co/TBKuU5F8Mr,-0.2732,0.0,0.916,0.084
264,@CNN,2018-03-14 11:52:03+00:00,Democrat Conor Lamb rejects the idea that his strong showing in the Pennsylvania special election is a referendum o‚Ä¶ https://t.co/BDexNRXEWb,0.4215,0.238,0.635,0.127
265,@CNN,2018-03-14 11:47:51+00:00,The House Intelligence Committee report on Russia doesn't change everything | Analysis by @CillizzaCNN‚Ä¶ https://t.co/OeCg8Qc9Zj,0.4767,0.193,0.807,0.0
266,@CNN,2018-03-14 11:40:34+00:00,Here's how teens are showing their political might in 2018 https://t.co/Beh3y4Ojhg https://t.co/uaAfQhprMn,0.0,0.0,1.0,0.0
267,@CNN,2018-03-14 11:21:06+00:00,"5 things for Wednesday:

- National School Walkout
- Pennsylvania special election
- White House
- UK &amp; Russia
- St‚Ä¶ https://t.co/xa3U8TAXpW",0.1027,0.142,0.737,0.121
268,@CNN,2018-03-14 11:15:50+00:00,Democrat Conor Lamb on Trump calling him ‚ÄòLamb the sham‚Äô: ‚ÄúThere was a lot of foolishness in this election and a lo‚Ä¶ https://t.co/CUWiHDMNOh,-0.4215,0.0,0.877,0.123
269,@CNN,2018-03-14 11:09:18+00:00,"Democratic Pennsylvania special election candidate Conor Lamb, who declared victory last night, says he is confiden‚Ä¶ https://t.co/A9rSxjSnG8",0.4019,0.144,0.856,0.0
270,@CNN,2018-03-14 10:56:34+00:00,"Lamb holds a slight lead over Saccone with 100% of the Election Day vote tallied, but absentee and provisional ball‚Ä¶ https://t.co/UVCA2OnIEl",-0.3919,0.0,0.878,0.122
271,@CNN,2018-03-14 10:55:08+00:00,Democrat Conor Lamb and Republican Rick Saccone are locked in a neck and neck battle to decide who will represent P‚Ä¶ https://t.co/eza2oqnJfd,-0.3818,0.0,0.885,0.115
272,@CNN,2018-03-14 10:50:42+00:00,"Happy #PiDay

If you really want to profess your constant and irrational love for everyone's favorite ratio, you sh‚Ä¶ https://t.co/SMcLHmfGvb",0.8777,0.418,0.502,0.08
273,@CNN,2018-03-14 10:35:07+00:00,Newly released emails cast doubt on claims by Secretary Ben Carson and his spokesman that he had little or no invol‚Ä¶ https://t.co/TKKj4iZfwU,-0.5302,0.0,0.819,0.181
274,@CNN,2018-03-14 10:26:22+00:00,Pennsylvania's special election isn't an isolated incident. The GOP is in trouble. | Analysis by @ForecasterEnten‚Ä¶ https://t.co/iQaWuD7pKI,0.2411,0.229,0.638,0.133
275,@CNN,2018-03-14 10:13:18+00:00,"""People who boast about their IQ are losers.""

As well as being one of the world's most renowned scientists, Stephe‚Ä¶ https://t.co/4hTU5vvSl9",0.2732,0.095,0.905,0.0
276,@CNN,2018-03-14 10:02:03+00:00,British physicist Stephen Hawking has died at the age of 76. Considered by many to be among the world's greatest mo‚Ä¶ https://t.co/zwEf2HLBfp,0.1531,0.151,0.719,0.129
277,@CNN,2018-03-14 09:59:03+00:00,"After a long night of drama, the Pennsylvania special election race is still too close to call, as Democrat Conor L‚Ä¶ https://t.co/FiqkhWt1Hp",0.4019,0.119,0.881,0.0
278,@CNN,2018-03-14 09:55:58+00:00,British physicist Stephen Hawking has died at the age of 76. Considered by many to be among the world's greatest mo‚Ä¶ https://t.co/VUXOKsNMC1,0.1531,0.151,0.719,0.129
279,@CNN,2018-03-14 09:48:21+00:00,"Angela Merkel has been elected for a fourth term as Germany's Chancellor, ending almost six months of political tur‚Ä¶ https://t.co/vDcVhfJw8a",0.0,0.0,1.0,0.0
280,@CNN,2018-03-14 08:53:04+00:00,"The Philippines says it will withdraw from the International Criminal Court, a month after the judicial body starte‚Ä¶ https://t.co/ftFVGzaAkm",-0.5267,0.0,0.833,0.167
281,@CNN,2018-03-14 08:45:05+00:00,Archaeopteryx was a feathered and winged dinosaur during the Jurassic period. New research suggests it was an activ‚Ä¶ https://t.co/NXieE1Q0T0,0.0,0.0,1.0,0.0
282,@CNN,2018-03-14 08:30:58+00:00,"These teachers in Ennis, Texas, are attending gun and active shooter training https://t.co/GUWQoH89dd https://t.co/RxyurnTELa",0.0772,0.158,0.702,0.14
283,@CNN,2018-03-14 08:18:39+00:00,UK Prime Minister Theresa May will outline later how the UK plans to retaliate after Moscow ignored a deadline to e‚Ä¶ https://t.co/eXUVf1V07V,-0.3182,0.0,0.897,0.103
284,@CNN,2018-03-14 08:15:06+00:00,"A new study ties extreme winter weather, specifically major snowstorms in the northeastern US, to warming Arctic te‚Ä¶ https://t.co/LbXUTdb1h8",0.1531,0.086,0.914,0.0
285,@CNN,2018-03-14 08:11:47+00:00,Figures from the scientific community and beyond came together to mark the passing of famed physicist Stephen Hawki‚Ä¶ https://t.co/EPL1oG1eQt,0.0,0.0,1.0,0.0
286,@CNN,2018-03-14 08:01:03+00:00,An artificial intelligence system developed by Wells Fargo thinks Boston is the likely choice to host Amazon's HQ2‚Ä¶ https://t.co/KkQqxmz86A,0.6249,0.231,0.769,0.0
287,@CNN,2018-03-14 08:00:24+00:00,"Stephen Hawking was one of the most beloved scientists in this generation -- not only for his intellect, but for hi‚Ä¶ https://t.co/jJkjg160Wo",0.51,0.177,0.823,0.0
288,@CNN,2018-03-14 07:53:39+00:00,"40 million people are living in modern slavery, denied their freedom.

Today, on #MyFreedomDay, students worldwide‚Ä¶ https://t.co/aEJGel2g64",-0.5423,0.162,0.541,0.297
289,@CNN,2018-03-14 07:50:32+00:00,"Russian President Vladimir Putin is expected to win the March 18 election by a wide margin, but that doesn't mean R‚Ä¶ https://t.co/QaaSw0mPAJ",0.34,0.107,0.893,0.0
290,@CNN,2018-03-14 07:46:16+00:00,"Russian President Vladimir Putin is expected to win the March 18 election by a wide margin, but that doesn't mean R‚Ä¶ https://t.co/eGpdLNYRER",0.34,0.107,0.893,0.0
291,@CNN,2018-03-14 07:45:05+00:00,"""Sometimes I don't know what this world has come to

It's blowing up

This whole country is going nuts

And the NRA‚Ä¶ https://t.co/ofluXz1gYb",-0.3182,0.0,0.901,0.099
292,@CNN,2018-03-14 07:31:02+00:00,"This 6-year-old boy's lemonade stand raised $7,000 for the family of a slain deputy https://t.co/ZEhgunCisA https://t.co/9L1iIsYV1w",0.0,0.0,1.0,0.0
293,@CNN,2018-03-14 07:30:00+00:00,"Russian President Vladimir Putin is expected to win the March 18 election by a wide margin, but that doesn't mean R‚Ä¶ https://t.co/g3iSnSCQq9",0.34,0.107,0.893,0.0
294,@CNN,2018-03-14 07:15:05+00:00,"This New York student won a $250,000 prize for his research on the devastating microorganism which caused the Irish‚Ä¶ https://t.co/0DqoVatbN6",0.4019,0.256,0.586,0.158
295,@CNN,2018-03-14 07:04:21+00:00,"Hawking leaves behind three children and three grandchildren, according to his website. His children left this stat‚Ä¶ https://t.co/4kJmhInV15",0.0,0.0,1.0,0.0
296,@CNN,2018-03-14 07:01:05+00:00,She was Canada's Rosa Parks. Now she's the first black person to appear on its currency. https://t.co/YGSFEinWR8 https://t.co/oV6klFJ187,0.0,0.0,1.0,0.0
297,@CNN,2018-03-14 06:46:06+00:00,In the wake of social media outrage over reports that a dog died on one of its flights after being put in an overhe‚Ä¶ https://t.co/2YzBJP1sZB,-0.7845,0.0,0.761,0.239
298,@CNN,2018-03-14 06:44:18+00:00,"Despite being a British citizen he was awarded the Presidential Medal of Freedom, the US's highest civilian honor,‚Ä¶ https://t.co/87NvnJMX22",0.875,0.4,0.6,0.0
299,@CNN,2018-03-14 06:31:26+00:00,"Activists placed 7,000 pairs of shoes in front of the US Capitol building to remember children killed by gun violen‚Ä¶ https://t.co/qbR8ffoC5I",-0.7845,0.0,0.734,0.266
300,@FoxNews,2018-03-14 18:25:34+00:00,"SNOW QUEEN RESCUE: A man dressed as Elsa from ""Frozen"" helped free a police vehicle. https://t.co/xY3ldwG2IR https://t.co/klpKDsS81F",0.8091,0.361,0.639,0.0
301,@FoxNews,2018-03-14 18:15:15+00:00,"Peter Morici: Ten years after the financial crisis, Uncle Sam could trigger the next one. @FoxNewsOpinion https://t.co/cjJC1cPqVw",-0.6249,0.0,0.796,0.204
302,@FoxNews,2018-03-14 18:14:00+00:00,Robert de Niro's got more words for President @realDonaldTrump. https://t.co/ipDcYbPEwH https://t.co/XO5izblPHO,0.0,0.0,1.0,0.0
303,@FoxNews,2018-03-14 18:05:24+00:00,".@RandPaul: ""It almost seemed to be a little bit of glee in her voice that [Gina Haspel] actually enjoyed the tortu‚Ä¶ https://t.co/trYeyJE6Xv",0.804,0.276,0.724,0.0
304,@FoxNews,2018-03-14 18:00:37+00:00,"Hillary Clinton criticized by fellow Dems for trashing female Trump voters - via @brookefoxnews 
https://t.co/Fvs5ztSEPU",-0.3612,0.0,0.839,0.161
305,@FoxNews,2018-03-14 17:59:47+00:00,Sessions mulling firing FBI Deputy Director Andrew McCabe before he retires https://t.co/JjxMsJp0rB,-0.34,0.0,0.821,0.179
306,@FoxNews,2018-03-14 17:58:22+00:00,".@RandPaul: ""It almost seemed to be a little bit of glee in her voice that [Gina Haspel] actually enjoyed the tortu‚Ä¶ https://t.co/6KJtxnnNso",0.804,0.276,0.724,0.0
307,@FoxNews,2018-03-14 17:55:56+00:00,Sources: AG Sessions is considering firing former @FBI Deputy Director McCabe before his retirement; that would mea‚Ä¶ https://t.co/JEbQo5ypZN,-0.34,0.0,0.876,0.124
308,@FoxNews,2018-03-14 17:55:00+00:00,".@RandPaul: ""Between Peter Strzok, Lisa Page, Bruce Ohr, and Andy McCabe, there needs to be the question asked: Wer‚Ä¶ https://t.co/qW9mRioQNT",0.0,0.0,1.0,0.0
309,@FoxNews,2018-03-14 17:52:00+00:00,"Unarmed felon robs bar so he could go back to prison, avoid homelessness https://t.co/xWKjGnMj9V (via @luciasuarezsang)",-0.8176,0.0,0.605,0.395
310,@FoxNews,2018-03-14 17:50:51+00:00,Sheriff who pocketed $750G from inmate food fund bought beach house for $740G https://t.co/jdg5L70I2f,0.0,0.0,1.0,0.0
311,@FoxNews,2018-03-14 17:50:45+00:00,New Jersey fugitive on the run for 23 years caught in Florida https://t.co/ZtzpDgHpyi,0.0,0.0,1.0,0.0
312,@FoxNews,2018-03-14 17:43:34+00:00,"Ohio town must pay back millions of fines collected from speed cameras, court rules (via @AndrewOReilly84)   https://t.co/T3imcv030V",-0.1027,0.0,0.92,0.08
313,@FoxNews,2018-03-14 17:41:12+00:00,".@RepRutherfordFL: ""That's what this bill does it it attempts to actually stop these shooting events before they oc‚Ä¶ https://t.co/vGimYU4xwT",-0.296,0.0,0.891,0.109
314,@FoxNews,2018-03-14 17:35:00+00:00,"Terence Shigg, border patrol agent, on @POTUS viewing border wall prototypes: ‚ÄúI think for our guys, the important‚Ä¶ https://t.co/gGSPEXwm0C",0.0,0.0,1.0,0.0
315,@FoxNews,2018-03-14 17:29:12+00:00,".@RepBradWenstrup: ""We have exhausted this, in my opinion. We've been very thorough."" #OutnumberedOT https://t.co/nVXmCyvftg",-0.3612,0.0,0.839,0.161
316,@FoxNews,2018-03-14 17:21:00+00:00,YouTube will link to Wikipedia to battle conspiracy videos https://t.co/It3fdVF6Cj (via @christocarbone),-0.7184,0.0,0.625,0.375
317,@FoxNews,2018-03-14 17:11:00+00:00,"More than 100 years later, the 'great mystery' of the vanished USS Cyclops remains unsolved https://t.co/pRGpJpadJF",0.6249,0.215,0.785,0.0
318,@FoxNews,2018-03-14 17:09:35+00:00,PA House special election too close to call; @MollyLineFNC reports. https://t.co/mba1bAl1AR https://t.co/5H3QEZoOgD,0.4019,0.197,0.803,0.0
319,@FoxNews,2018-03-14 17:05:31+00:00,"BREAKING NEWS: Larry Kudlow accepts job of @WhiteHouse National Economic Council director, replaces Gary Cohn‚Ä¶ https://t.co/fN0McNL63N",0.3182,0.133,0.867,0.0
320,@FoxNews,2018-03-14 18:25:34+00:00,"SNOW QUEEN RESCUE: A man dressed as Elsa from ""Frozen"" helped free a police vehicle. https://t.co/xY3ldwG2IR https://t.co/klpKDsS81F",0.8091,0.361,0.639,0.0
321,@FoxNews,2018-03-14 18:15:15+00:00,"Peter Morici: Ten years after the financial crisis, Uncle Sam could trigger the next one. @FoxNewsOpinion https://t.co/cjJC1cPqVw",-0.6249,0.0,0.796,0.204
322,@FoxNews,2018-03-14 18:14:00+00:00,Robert de Niro's got more words for President @realDonaldTrump. https://t.co/ipDcYbPEwH https://t.co/XO5izblPHO,0.0,0.0,1.0,0.0
323,@FoxNews,2018-03-14 18:05:24+00:00,".@RandPaul: ""It almost seemed to be a little bit of glee in her voice that [Gina Haspel] actually enjoyed the tortu‚Ä¶ https://t.co/trYeyJE6Xv",0.804,0.276,0.724,0.0
324,@FoxNews,2018-03-14 18:00:37+00:00,"Hillary Clinton criticized by fellow Dems for trashing female Trump voters - via @brookefoxnews 
https://t.co/Fvs5ztSEPU",-0.3612,0.0,0.839,0.161
325,@FoxNews,2018-03-14 17:59:47+00:00,Sessions mulling firing FBI Deputy Director Andrew McCabe before he retires https://t.co/JjxMsJp0rB,-0.34,0.0,0.821,0.179
326,@FoxNews,2018-03-14 17:58:22+00:00,".@RandPaul: ""It almost seemed to be a little bit of glee in her voice that [Gina Haspel] actually enjoyed the tortu‚Ä¶ https://t.co/6KJtxnnNso",0.804,0.276,0.724,0.0
327,@FoxNews,2018-03-14 17:55:56+00:00,Sources: AG Sessions is considering firing former @FBI Deputy Director McCabe before his retirement; that would mea‚Ä¶ https://t.co/JEbQo5ypZN,-0.34,0.0,0.876,0.124
328,@FoxNews,2018-03-14 17:55:00+00:00,".@RandPaul: ""Between Peter Strzok, Lisa Page, Bruce Ohr, and Andy McCabe, there needs to be the question asked: Wer‚Ä¶ https://t.co/qW9mRioQNT",0.0,0.0,1.0,0.0
329,@FoxNews,2018-03-14 17:52:00+00:00,"Unarmed felon robs bar so he could go back to prison, avoid homelessness https://t.co/xWKjGnMj9V (via @luciasuarezsang)",-0.8176,0.0,0.605,0.395
330,@FoxNews,2018-03-14 17:50:51+00:00,Sheriff who pocketed $750G from inmate food fund bought beach house for $740G https://t.co/jdg5L70I2f,0.0,0.0,1.0,0.0
331,@FoxNews,2018-03-14 17:50:45+00:00,New Jersey fugitive on the run for 23 years caught in Florida https://t.co/ZtzpDgHpyi,0.0,0.0,1.0,0.0
332,@FoxNews,2018-03-14 17:43:34+00:00,"Ohio town must pay back millions of fines collected from speed cameras, court rules (via @AndrewOReilly84)   https://t.co/T3imcv030V",-0.1027,0.0,0.92,0.08
333,@FoxNews,2018-03-14 17:41:12+00:00,".@RepRutherfordFL: ""That's what this bill does it it attempts to actually stop these shooting events before they oc‚Ä¶ https://t.co/vGimYU4xwT",-0.296,0.0,0.891,0.109
334,@FoxNews,2018-03-14 17:35:00+00:00,"Terence Shigg, border patrol agent, on @POTUS viewing border wall prototypes: ‚ÄúI think for our guys, the important‚Ä¶ https://t.co/gGSPEXwm0C",0.0,0.0,1.0,0.0
335,@FoxNews,2018-03-14 17:29:12+00:00,".@RepBradWenstrup: ""We have exhausted this, in my opinion. We've been very thorough."" #OutnumberedOT https://t.co/nVXmCyvftg",-0.3612,0.0,0.839,0.161
336,@FoxNews,2018-03-14 17:21:00+00:00,YouTube will link to Wikipedia to battle conspiracy videos https://t.co/It3fdVF6Cj (via @christocarbone),-0.7184,0.0,0.625,0.375
337,@FoxNews,2018-03-14 17:11:00+00:00,"More than 100 years later, the 'great mystery' of the vanished USS Cyclops remains unsolved https://t.co/pRGpJpadJF",0.6249,0.215,0.785,0.0
338,@FoxNews,2018-03-14 17:09:35+00:00,PA House special election too close to call; @MollyLineFNC reports. https://t.co/mba1bAl1AR https://t.co/5H3QEZoOgD,0.4019,0.197,0.803,0.0
339,@FoxNews,2018-03-14 17:05:31+00:00,"BREAKING NEWS: Larry Kudlow accepts job of @WhiteHouse National Economic Council director, replaces Gary Cohn‚Ä¶ https://t.co/fN0McNL63N",0.3182,0.133,0.867,0.0
340,@FoxNews,2018-03-14 17:05:00+00:00,Trump accuses Dems of slow-walking 'hundreds' of nominations https://t.co/svp6s95lS0 (via @AdamShawNY),-0.34,0.0,0.806,0.194
341,@FoxNews,2018-03-14 17:01:53+00:00,"Nation of Islam lashes out at 3 black members of Congress, calling them sellouts for denouncing Farrakhan https://t.co/S410S2PB7M",0.0,0.0,1.0,0.0
342,@FoxNews,2018-03-14 16:58:46+00:00,Charles Manson's grandson reveals his plans for cult leader's remains https://t.co/u7CNwFyP1e,0.0,0.0,1.0,0.0
343,@FoxNews,2018-03-14 16:56:08+00:00,".@CharlesHurt: ""It is open season on Christians. Christians are mocked, made fun of, for all kinds of faith traditi‚Ä¶ https://t.co/5Rhg5J1Nwq",0.5859,0.24,0.669,0.091
344,@FoxNews,2018-03-14 16:55:15+00:00,"#NationalWalkoutDay prompts some politicians to join movement, while others focus on legislation
https://t.co/9t8OlPlqbm",0.296,0.155,0.845,0.0
345,@FoxNews,2018-03-14 16:51:22+00:00,"At a #NationalWalkoutDay rally at the U.S. Capitol, @SenSchumer slammed the @NRA. https://t.co/CYwD9qyzVq https://t.co/WV0gisLD8M",0.0,0.0,1.0,0.0
346,@FoxNews,2018-03-14 16:44:03+00:00,".@SenSherrodBrown on @HillaryClinton: ""I don't really care what she said."" https://t.co/E5a31J9hPz",-0.43,0.0,0.779,0.221
347,@FoxNews,2018-03-14 16:43:20+00:00,".@clairecmc responds to @HillaryClinton: ""I don't think that's the way you should talk about any voter."" https://t.co/wVFHurtRXG",0.0,0.0,1.0,0.0
348,@FoxNews,2018-03-14 16:40:06+00:00,Three Florida teens linked to 46 car thefts https://t.co/vLdkF9LQVQ,0.0,0.0,1.0,0.0
349,@FoxNews,2018-03-14 16:37:29+00:00,Late night hosts skewer #Trump over Rex Tillerson firing https://t.co/P9qZ3vYKxH,-0.34,0.0,0.789,0.211
350,@FoxNews,2018-03-14 16:36:04+00:00,Truck driver caught texting about texting laws https://t.co/2CUrexCZH9,0.0,0.0,1.0,0.0
351,@FoxNews,2018-03-14 16:34:28+00:00,".@MelissaAFrancis: ""If there were evidence of collusion, someone would've leaked it."" #Outnumbered https://t.co/oZS29JLxQ6",-0.3182,0.0,0.839,0.161
352,@FoxNews,2018-03-14 16:32:47+00:00,"Revamped ‚ÄòAmerican Idol‚Äô trounced by 'The Voice,' pressure grows to save 'museum piece' from 'also ran' graveyard
https://t.co/knCYa4tP8k",-0.0516,0.142,0.664,0.195
353,@FoxNews,2018-03-14 16:30:19+00:00,Trump accuses Dems of slow-walking 'hundreds' of nominations https://t.co/svp6s9mXgA,-0.34,0.0,0.769,0.231
354,@FoxNews,2018-03-14 16:29:13+00:00,"Border Patrol Agent Praises Trump's Wall Visit, Calls Sanctuary Cities a 'Dangerous Thing' https://t.co/JWOFpZklc3",0.0772,0.194,0.629,0.177
355,@FoxNews,2018-03-14 16:23:46+00:00,"Stephen Hawking dead: Eddie Redmayne, more celebrities react to his death https://t.co/phAEXHFZNi",-0.8481,0.0,0.549,0.451
356,@FoxNews,2018-03-14 16:18:55+00:00,"MOMENTS AGO: @POTUS departs California after visiting border wall prototypes, criticizing state's sanctuary law. https://t.co/0yPg6nH5Ws",-0.3612,0.0,0.848,0.152
357,@FoxNews,2018-03-14 16:16:13+00:00,"Students across the country stage walkouts one month after massacre at high school in Parkland, FL.‚Ä¶ https://t.co/xpVMkFV9UM",-0.1779,0.0,0.904,0.096
358,@FoxNews,2018-03-14 16:14:23+00:00,Pennsylvania students form heart in honor of Florida victims during national walkouts https://t.co/4ABlIlvQ4B,0.0516,0.186,0.581,0.233
359,@FoxNews,2018-03-14 16:09:06+00:00,".@CharlesHurt: ""Just ten years ago, all of these leading Democrats were pretty much in line with a lot of what‚Ä¶ https://t.co/pmPwwvc2Fi",0.4939,0.144,0.856,0.0
360,@FoxNews,2018-03-14 16:07:59+00:00,"Stephen Hawking, famed physicist, dead at 76 https://t.co/rbXEu0kuCE https://t.co/ScCwlaLGl3",-0.6486,0.0,0.65,0.35
361,@FoxNews,2018-03-14 16:06:37+00:00,".@JessicaTarlov: ""Illegals get arrested at lower rates... They don't commit as many crimes as natural born American‚Ä¶ https://t.co/8EGH5icz9e",-0.5702,0.106,0.591,0.303
362,@FoxNews,2018-03-14 16:04:42+00:00,".@POTUS: ""@JerryBrownGov's done a very poor job running California... You have sanctuary cities where you have crim‚Ä¶ https://t.co/BHLMh87q62",-0.5256,0.0,0.825,0.175
363,@FoxNews,2018-03-14 16:00:55+00:00,"United flight attendant who forced dog into overhead bin 'lying,' owner's daughter says https://t.co/y0AahYobyB",-0.0516,0.157,0.674,0.169
364,@FoxNews,2018-03-14 15:51:20+00:00,".@Deptula_David: ""After @POTUS sits down with Mr. Kim, [Pompeo's] got to figure out, 'Okay, just what will be a val‚Ä¶ https://t.co/WuNqSZrnUB",0.0,0.0,1.0,0.0
365,@FoxNews,2018-03-14 15:51:00+00:00,House Democrats hold a news conference.  https://t.co/ffBNcZkIvV,0.0,0.0,1.0,0.0
366,@FoxNews,2018-03-14 15:45:33+00:00,Alaska Airlines female co-pilot claims male pilot drugged and raped her https://t.co/Y24Y5hlgMW,-0.6808,0.0,0.705,0.295
367,@FoxNews,2018-03-14 15:39:25+00:00,GOP Lawmaker: Wash. Post Op-Ed on Aborting Fetuses With Down Syndrome Is 'Offensive' https://t.co/eKxElTVhVv,0.0,0.0,1.0,0.0
368,@FoxNews,2018-03-14 15:32:05+00:00,Are your office computers mining cryptocurrency? https://t.co/FKFQcjTXA3,0.0,0.0,1.0,0.0
369,@FoxNews,2018-03-14 15:27:32+00:00,"More than 100 years later, the 'great mystery' of the vanished USS Cyclops remains unsolved https://t.co/pRGpJprP8f",0.6249,0.215,0.785,0.0
370,@FoxNews,2018-03-14 15:26:44+00:00,".@RepMcSally: ""We finally have a President who has the will and desire to secure our border."" https://t.co/vYBMiiuKHH",0.6249,0.267,0.733,0.0
371,@FoxNews,2018-03-14 15:22:02+00:00,"TODAY on #OutnumberedOT, @HARRISFAULKNER speaks to @RandPaul - Tune in at 1p ET on Fox News Channel! https://t.co/uTMWFGNyJw",0.0,0.0,1.0,0.0
372,@FoxNews,2018-03-14 15:18:53+00:00,.@POTUS checks out border wall prototypes. https://t.co/RUo5Tta9nP https://t.co/QoyCm7okUq,0.0,0.0,1.0,0.0
373,@FoxNews,2018-03-14 15:13:20+00:00,Manhunt intensifies for Austin serial bomber. https://t.co/n6tA4evmdm https://t.co/fHh2PhhJjz,0.0,0.0,1.0,0.0
374,@FoxNews,2018-03-14 15:04:09+00:00,Senator @RandPaul holds a news conference to discuss the nominations of Mike Pompeo and Gina Haspel. https://t.co/IgY2CQl9XZ,0.0,0.0,1.0,0.0
375,@FoxNews,2018-03-14 15:00:48+00:00,Snow squall causes 81-vehicle pileup on Ohio interstate https://t.co/BGOgBoGPYw,-0.2732,0.0,0.792,0.208
376,@FoxNews,2018-03-14 14:58:55+00:00,"RNC Spokeswoman @kayleighmcenany: @ConorLambPA Ran Like a Republican, Will Vote Like a Dem https://t.co/voWFMqomcg",0.6124,0.333,0.667,0.0
377,@FoxNews,2018-03-14 14:52:56+00:00,Happening Now: Students across the nation stage walkouts in protest of gun violence. #NationalWalkoutDay‚Ä¶ https://t.co/XzzduTuSc5,-0.8481,0.0,0.519,0.481
378,@FoxNews,2018-03-14 14:52:45+00:00,Donna Butterworth dead; former child star who worked with Elvis and Jerry Lewis was 62 https://t.co/AK9Il4gX5R,-0.6486,0.0,0.777,0.223
379,@FoxNews,2018-03-14 14:52:39+00:00,Surveillance video that reportedly shows violent incident involving former baseball prospect is released https://t.co/Q17NK9rh3X,-0.4019,0.122,0.663,0.215
380,@FoxNews,2018-03-14 14:41:57+00:00,"National School Walkout: Students protest gun violence, call for action one month after Parkland shooting https://t.co/TJck15TBWd",-0.8689,0.0,0.526,0.474
381,@FoxNews,2018-03-14 14:34:59+00:00,'You're Not Even Getting Close To Our Wall': Builder Touts Prototype After #Trump Visit https://t.co/wLhnyN5DzP,-0.0258,0.0,0.927,0.073
382,@FoxNews,2018-03-14 14:28:10+00:00,RT @MartaDhanis: NYC School Walkout with LaGuardia High School  #Parkland #fightingGunViolence https://t.co/RvZQqYj15B,-0.3182,0.0,0.827,0.173
383,@FoxNews,2018-03-14 14:25:36+00:00,".@Jim_Jordan: ""What @DevinNunes and the Republicans have said is, look, there was no collusion, no coordination, be‚Ä¶ https://t.co/8cKjhKlcm1",-0.5267,0.0,0.784,0.216
384,@FoxNews,2018-03-14 14:25:00+00:00,"Moments ago, President @realDonaldTrump shared a message of great economic optimism. https://t.co/A7aYseN7HI",0.875,0.556,0.444,0.0
385,@FoxNews,2018-03-14 14:20:00+00:00,.@HillaryClinton Has Dozens of Excuses for Why She Lost... and the List Keeps Growing https://t.co/OpnjDE1h0k https://t.co/Yj2ZCNph1a,0.1779,0.102,0.898,0.0
386,@FoxNews,2018-03-14 14:18:36+00:00,Happening Now: Students across the nation stage walkouts in protest of gun violence. #NationalWalkoutDay‚Ä¶ https://t.co/9dxk9m3ouq,-0.8481,0.0,0.519,0.481
387,@FoxNews,2018-03-14 14:11:45+00:00,.@GOP leaders hold a news conference. https://t.co/3A0LYT7AAF,0.0,0.0,1.0,0.0
388,@FoxNews,2018-03-14 14:10:14+00:00,Students protest with backs turned to @WhiteHouse. #NationalWalkoutDay https://t.co/CYwD9qyzVq https://t.co/Zyb9shdPZn,-0.296,0.0,0.714,0.286
389,@FoxNews,2018-03-14 14:00:20+00:00,Students across the nation stage walkouts in protest of gun violence. #NationalWalkoutDay https://t.co/CYwD9qyzVq https://t.co/8Jb1FpDhOR,-0.8481,0.0,0.495,0.505
390,@FoxNews,2018-03-14 14:00:15+00:00,Austin package bomb victim remembered as boy who 'could have accomplished anything' (via @travfed)  https://t.co/zUrgZePhz9,-0.34,0.144,0.594,0.262
391,@FoxNews,2018-03-14 14:00:09+00:00,".@SenBobCorker on Pompeo confirmation: ""I'm hoping it's going to happen in April."" https://t.co/fvzyyZA2Pr",0.4215,0.189,0.811,0.0
392,@FoxNews,2018-03-14 13:51:37+00:00,".@BlakemanB: ""We need to start locking up some of these local officials who are defying openly federal law. They're‚Ä¶ https://t.co/zLtZem26jD",0.0,0.0,1.0,0.0
393,@FoxNews,2018-03-14 13:46:00+00:00,23 Russian diplomats to be expelled from Britain amid probe into ex-spy's poisoning (via @luciasuarezsang) https://t.co/YbnCcpiKS4,-0.7003,0.0,0.707,0.293
394,@FoxNews,2018-03-14 13:32:53+00:00,".@kayleighmcenany: ""You look across the country - moderate Democrats are being run out by their voters."" https://t.co/BHbZUGEBna",0.0,0.0,1.0,0.0
395,@FoxNews,2018-03-14 13:29:00+00:00,"Muslim teen watched jihadi videos, read Koran for 'courage' before Florida sleepover stabbings, cops say https://t.co/MrH8qLcYmY",0.0,0.0,1.0,0.0
396,@FoxNews,2018-03-14 13:23:05+00:00,Democrat Lamb declares victory in Pa. special election determined too close to call https://t.co/oNETQQhhPO https://t.co/N3GVgjZ28I,0.6249,0.282,0.718,0.0
397,@FoxNews,2018-03-14 13:21:21+00:00,Cherokee genealogist casts doubt on Elizabeth Warren's story of parents' elopement https://t.co/XT2gMmxl5l,-0.3612,0.0,0.815,0.185
398,@FoxNews,2018-03-14 13:17:15+00:00,"7,000 pairs of shoes, one for every child killed by gun violence since the Sandy Hook school shooting, were placed‚Ä¶ https://t.co/mZ4nKKGUk5",-0.9001,0.0,0.621,0.379
399,@FoxNews,2018-03-14 13:06:28+00:00,Two PA Catholic Schools to Pray Instead of Protest in Walkout Over Gun Violence https://t.co/wNaYKEaXgh,-0.8176,0.1,0.433,0.468
400,@nytimes,2018-03-14 18:22:06+00:00,A recount is unlikely to change the results of the Pennsylvania special election because most ballots in the state‚Ä¶ https://t.co/bic2scfePz,0.4019,0.13,0.87,0.0
401,@nytimes,2018-03-14 18:15:07+00:00,Google is joining Facebook in banning advertising for Bitcoin and other cryptocurrencies https://t.co/NPGPrKXGNn,0.0,0.0,1.0,0.0
402,@nytimes,2018-03-14 18:07:03+00:00,"Stephen Hawking liked to say he was born 300 years to the day after Galileo died, and he died 139 years after Alber‚Ä¶ https://t.co/Gqy8ik2M7B",-0.6597,0.09,0.677,0.232
403,@nytimes,2018-03-14 18:00:19+00:00,"In Opinion,

Op-Ed contributor Samantha Power writes that a year of insults, chaos and falsehoods has brought about‚Ä¶ https://t.co/gabGGazwLI",-0.7579,0.0,0.711,0.289
404,@nytimes,2018-03-14 17:52:07+00:00,President Trump has not personally addressed the poison attack since London assigned blame on Russia https://t.co/rU2g6IzQbO,-0.8402,0.0,0.591,0.409
405,@nytimes,2018-03-14 17:45:12+00:00,"History is full of movements led by students. Some were successful and others brutally crushed, but even the latter‚Ä¶ https://t.co/DLsUVrnNMm",-0.25,0.101,0.714,0.185
406,@nytimes,2018-03-14 17:37:04+00:00,"Prime Minister Theresa May expelled 23 Russian diplomats and vowed to crack down on Russian spies, corrupt elites a‚Ä¶ https://t.co/jPQMzLbwKC",-0.25,0.0,0.905,0.095
407,@nytimes,2018-03-14 17:30:04+00:00,‚ÄúRemember to look up at the stars and not down at your feet. Try to make sense of what you see and wonder about wha‚Ä¶ https://t.co/hGzt6T9pch,0.0,0.0,1.0,0.0
408,@nytimes,2018-03-14 17:23:00+00:00,"The founder of the blood-testing company Theranos, once a Silicon Valley darling, was charged with fraud by the SEC‚Ä¶ https://t.co/u4Zw2LSHIa",-0.2023,0.15,0.63,0.22
409,@nytimes,2018-03-14 17:15:10+00:00,"The Myanmar government maintains that the Rohingya burned down their own villages, and it rejects widespread testim‚Ä¶ https://t.co/pk4z9WjChF",-0.4939,0.0,0.842,0.158
410,@nytimes,2018-03-14 17:13:55+00:00,"RT @nytopinion: Adults are supposed to take care of children ‚Äî keep them safe, and help them feel safe. https://t.co/ocBNfgoz07 https://t.c‚Ä¶",0.8934,0.422,0.578,0.0
411,@nytimes,2018-03-14 17:06:30+00:00,"Andrew McCabe, an F.B.I. official criticized by President Trump, was to retire on Sunday. But he may be fired first‚Ä¶ https://t.co/6kzsefs0lE",-0.7269,0.0,0.757,0.243
412,@nytimes,2018-03-14 17:00:24+00:00,"Rodrigo Duterte said that the Philippines was withdrawing from the International Criminal Court, denouncing what he‚Ä¶ https://t.co/Jda5Jr2kj2",-0.5267,0.0,0.825,0.175
413,@nytimes,2018-03-14 16:54:18+00:00,RT @nytgraphics: Final precinct-level results for Pennsylvania's 18th district special election show a blue shift in all but a handful of p‚Ä¶,0.2144,0.089,0.911,0.0
414,@nytimes,2018-03-14 16:52:06+00:00,"""Enough."" Students walked out of their schools in a nationwide demonstration over gun violence.‚Ä¶ https://t.co/kCXFLlo0mA",-0.25,0.089,0.759,0.152
415,@nytimes,2018-03-14 16:44:20+00:00,"Join NYT reporter Roslyn Sulcas at the Royal Opera House in London, where she talks to the choreographer Christophe‚Ä¶ https://t.co/EveDo1cKHl",0.296,0.104,0.896,0.0
416,@nytimes,2018-03-14 16:30:19+00:00,"In Opinion,
The editorial board writes: Few American officials were so directly involved in the frenzy of abuse aft‚Ä¶ https://t.co/UTnQziketD",-0.7579,0.0,0.735,0.265
417,@nytimes,2018-03-14 16:15:13+00:00,"As it seeks to compete with rival retailers, led by Amazon, Walmart plans to offer home delivery of groceries bough‚Ä¶ https://t.co/rZ3bSioBwb",0.1779,0.078,0.922,0.0
418,@nytimes,2018-03-14 16:07:05+00:00,"News Analysis: The message from Pennsylvania‚Äôs still-undecided House race is clear: Suburban voters are in revolt,‚Ä¶ https://t.co/zlbjL8EbjT",0.3818,0.14,0.86,0.0
419,@nytimes,2018-03-14 16:00:17+00:00,"When Qatari royals were captured falcon hunting in Iraq, they were used as pawns in a multiplayer chess match that‚Ä¶ https://t.co/7A3ipYt6yt",0.0,0.0,1.0,0.0
420,@nytimes,2018-03-14 18:22:06+00:00,A recount is unlikely to change the results of the Pennsylvania special election because most ballots in the state‚Ä¶ https://t.co/bic2scfePz,0.4019,0.13,0.87,0.0
421,@nytimes,2018-03-14 18:15:07+00:00,Google is joining Facebook in banning advertising for Bitcoin and other cryptocurrencies https://t.co/NPGPrKXGNn,0.0,0.0,1.0,0.0
422,@nytimes,2018-03-14 18:07:03+00:00,"Stephen Hawking liked to say he was born 300 years to the day after Galileo died, and he died 139 years after Alber‚Ä¶ https://t.co/Gqy8ik2M7B",-0.6597,0.09,0.677,0.232
423,@nytimes,2018-03-14 18:00:19+00:00,"In Opinion,

Op-Ed contributor Samantha Power writes that a year of insults, chaos and falsehoods has brought about‚Ä¶ https://t.co/gabGGazwLI",-0.7579,0.0,0.711,0.289
424,@nytimes,2018-03-14 17:52:07+00:00,President Trump has not personally addressed the poison attack since London assigned blame on Russia https://t.co/rU2g6IzQbO,-0.8402,0.0,0.591,0.409
425,@nytimes,2018-03-14 17:45:12+00:00,"History is full of movements led by students. Some were successful and others brutally crushed, but even the latter‚Ä¶ https://t.co/DLsUVrnNMm",-0.25,0.101,0.714,0.185
426,@nytimes,2018-03-14 17:37:04+00:00,"Prime Minister Theresa May expelled 23 Russian diplomats and vowed to crack down on Russian spies, corrupt elites a‚Ä¶ https://t.co/jPQMzLbwKC",-0.25,0.0,0.905,0.095
427,@nytimes,2018-03-14 17:30:04+00:00,‚ÄúRemember to look up at the stars and not down at your feet. Try to make sense of what you see and wonder about wha‚Ä¶ https://t.co/hGzt6T9pch,0.0,0.0,1.0,0.0
428,@nytimes,2018-03-14 17:23:00+00:00,"The founder of the blood-testing company Theranos, once a Silicon Valley darling, was charged with fraud by the SEC‚Ä¶ https://t.co/u4Zw2LSHIa",-0.2023,0.15,0.63,0.22
429,@nytimes,2018-03-14 17:15:10+00:00,"The Myanmar government maintains that the Rohingya burned down their own villages, and it rejects widespread testim‚Ä¶ https://t.co/pk4z9WjChF",-0.4939,0.0,0.842,0.158
430,@nytimes,2018-03-14 17:13:55+00:00,"RT @nytopinion: Adults are supposed to take care of children ‚Äî keep them safe, and help them feel safe. https://t.co/ocBNfgoz07 https://t.c‚Ä¶",0.8934,0.422,0.578,0.0
431,@nytimes,2018-03-14 17:06:30+00:00,"Andrew McCabe, an F.B.I. official criticized by President Trump, was to retire on Sunday. But he may be fired first‚Ä¶ https://t.co/6kzsefs0lE",-0.7269,0.0,0.757,0.243
432,@nytimes,2018-03-14 17:00:24+00:00,"Rodrigo Duterte said that the Philippines was withdrawing from the International Criminal Court, denouncing what he‚Ä¶ https://t.co/Jda5Jr2kj2",-0.5267,0.0,0.825,0.175
433,@nytimes,2018-03-14 16:54:18+00:00,RT @nytgraphics: Final precinct-level results for Pennsylvania's 18th district special election show a blue shift in all but a handful of p‚Ä¶,0.2144,0.089,0.911,0.0
434,@nytimes,2018-03-14 16:52:06+00:00,"""Enough."" Students walked out of their schools in a nationwide demonstration over gun violence.‚Ä¶ https://t.co/kCXFLlo0mA",-0.25,0.089,0.759,0.152
435,@nytimes,2018-03-14 16:44:20+00:00,"Join NYT reporter Roslyn Sulcas at the Royal Opera House in London, where she talks to the choreographer Christophe‚Ä¶ https://t.co/EveDo1cKHl",0.296,0.104,0.896,0.0
436,@nytimes,2018-03-14 16:30:19+00:00,"In Opinion,
The editorial board writes: Few American officials were so directly involved in the frenzy of abuse aft‚Ä¶ https://t.co/UTnQziketD",-0.7579,0.0,0.735,0.265
437,@nytimes,2018-03-14 16:15:13+00:00,"As it seeks to compete with rival retailers, led by Amazon, Walmart plans to offer home delivery of groceries bough‚Ä¶ https://t.co/rZ3bSioBwb",0.1779,0.078,0.922,0.0
438,@nytimes,2018-03-14 16:07:05+00:00,"News Analysis: The message from Pennsylvania‚Äôs still-undecided House race is clear: Suburban voters are in revolt,‚Ä¶ https://t.co/zlbjL8EbjT",0.3818,0.14,0.86,0.0
439,@nytimes,2018-03-14 16:00:17+00:00,"When Qatari royals were captured falcon hunting in Iraq, they were used as pawns in a multiplayer chess match that‚Ä¶ https://t.co/7A3ipYt6yt",0.0,0.0,1.0,0.0
440,@nytimes,2018-03-14 15:53:09+00:00,RT @katierosman: Katy Perry kisses an American Idol contestant and he did not like it. https://t.co/SENNYwky1k,0.2937,0.17,0.721,0.109
441,@nytimes,2018-03-14 15:45:04+00:00,"Stephen Hawking's greatest work focused on black holes. If you still don't fully understand black holes, it's OK. Y‚Ä¶ https://t.co/iB5RRB8ltP",0.8668,0.364,0.636,0.0
442,@nytimes,2018-03-14 15:30:06+00:00,‚ÄúNot since Albert Einstein has a scientist so captured the public imagination and endeared himself to tens of milli‚Ä¶ https://t.co/HgTUlo1lsf,0.0,0.0,1.0,0.0
443,@nytimes,2018-03-14 15:17:41+00:00,March 14 = 3/14 = œÄ = ü•ß = üòã  https://t.co/7Htq28VRSg,0.0,0.0,1.0,0.0
444,@nytimes,2018-03-14 15:13:19+00:00,"RT @nytimesworld: How a plan to fell 6,000 trees in an English city provoked angry protests ‚Äî and claims of poisoned tea https://t.co/0C9RX‚Ä¶",-0.8591,0.0,0.618,0.382
445,@nytimes,2018-03-14 15:05:05+00:00,"Chris Cuomo is taking over the 9 p.m. weeknight slot on CNN, putting him up against MSNBC's Rachel Maddow and Sean‚Ä¶ https://t.co/JRQnx8Xkah",0.0,0.0,1.0,0.0
446,@nytimes,2018-03-14 15:00:12+00:00,RT @lauriegnyt: ‚ÄúI am walking out of school on Wednesday because our president and Congress need to do more than just tweet prayers and tho‚Ä¶,0.0,0.0,1.0,0.0
447,@nytimes,2018-03-14 14:51:46+00:00,RT @MitchKSmith: Students are preparing to walk out at Perspectives Charter Schools on Chicago‚Äôs South Side. Many young people here have lo‚Ä¶,0.0,0.0,1.0,0.0
448,@nytimes,2018-03-14 14:45:09+00:00,"The happiest countries in the world, per a new survey: 
1. üá´üáÆ
2. üá≥üá¥
3. üá©üá∞
(The Nordic nations are the happiest.) https://t.co/0Bn0PFAdY9",0.6369,0.167,0.833,0.0
449,@nytimes,2018-03-14 14:41:08+00:00,"@julieturkewitz Why students are walking out, in their own words https://t.co/t7QsDSpRFV https://t.co/2xWznlocrU",0.0,0.0,1.0,0.0
450,@nytimes,2018-03-14 14:30:07+00:00,"RT @nytgraphics: More Democratic or more Republican?
How each precinct in yesterday's Pennsylvania special election shifted from the 2016 p‚Ä¶",0.4019,0.124,0.876,0.0
451,@nytimes,2018-03-14 14:23:49+00:00,Some of the day‚Äôs most poignant demonstrations are expected at schools whose names are synonymous with shootings.‚Ä¶ https://t.co/1TyEOR5VTA,0.0,0.0,1.0,0.0
452,@nytimes,2018-03-14 14:20:14+00:00,"Trump boasted to reporters that he had made the call to oust Tillerson ""by myself."" Jimmy Fallon found that amusing‚Ä¶ https://t.co/kzxzDMsOqE",0.0,0.0,1.0,0.0
453,@nytimes,2018-03-14 14:10:13+00:00,Morning¬†Briefing: Here's what you need to know to start your day https://t.co/olPJB2Zxdq https://t.co/JZA6kxltL1,0.0,0.0,1.0,0.0
454,@nytimes,2018-03-14 13:59:25+00:00,"RT @NYTNational: Our reporters are across the country as students are expected to walk out nationwide. Follow along:

@alanblinder
@julietu‚Ä¶",0.0,0.0,1.0,0.0
455,@nytimes,2018-03-14 13:57:09+00:00,Students are walking out of their schools in a nationwide demonstration over gun violence. The protests are set to‚Ä¶ https://t.co/b1qQ0OXZKf,-0.7906,0.056,0.605,0.339
456,@nytimes,2018-03-14 13:48:07+00:00,"As Stephen Hawking's renown spread, movies were made about him, he made cameos on TV shows, and he inspired compose‚Ä¶ https://t.co/DWKwdH0qqD",0.4939,0.138,0.862,0.0
457,@nytimes,2018-03-14 13:29:05+00:00,"In Opinion

Op-Ed contributor Paul R. Pillar writes that Mike Pompeo's nomination as secretary of state ""is bad new‚Ä¶ https://t.co/JxUjMpFgok",-0.5423,0.0,0.844,0.156
458,@nytimes,2018-03-14 13:12:30+00:00,"‚ÄúI lied,‚Äù said the antiques dealer. ‚ÄúI cheated. I stole.‚Äù And he succeeded, temporarily. https://t.co/wVl1wNNTKr",-0.128,0.155,0.663,0.182
459,@nytimes,2018-03-14 13:10:00+00:00,Theresa May said she had agreed with Britain‚Äôs National Security Council to suspend all high-level contacts between‚Ä¶ https://t.co/n6P7WOnQz0,0.296,0.206,0.688,0.106
460,@nytimes,2018-03-14 12:53:00+00:00,"Breaking News: The UK is expelling 23 Russian diplomats over the poisoning of a former spy on British soil, in a sh‚Ä¶ https://t.co/jiZhSZWkwn",-0.7506,0.0,0.748,0.252
461,@nytimes,2018-03-14 12:45:11+00:00,Thousands of students will stand up in their classrooms on Wednesday and walk out of their schools in a nationwide‚Ä¶ https://t.co/vsA38Bsz2G,0.0,0.0,1.0,0.0
462,@nytimes,2018-03-14 12:40:15+00:00,"Stephen Hawking took part in a zero-gravity flight when he was 65. Asked why he took such risks, he said, ""I want t‚Ä¶ https://t.co/EN9mGz0Xul",-0.2023,0.053,0.861,0.086
463,@nytimes,2018-03-14 12:30:13+00:00,"The message from Pennsylvania's still-undecided House race is clear: Suburban voters are in revolt, swamping the mo‚Ä¶ https://t.co/iLmB9eH3gK",0.3818,0.133,0.867,0.0
464,@nytimes,2018-03-14 12:21:01+00:00,Instances of female teachers sexually abusing male students are rare. But stories on the subject have lately taken‚Ä¶ https://t.co/2pDX6MPmGy,-0.4588,0.0,0.857,0.143
465,@nytimes,2018-03-14 12:11:06+00:00,"Three adults and one young child were found shot dead in Brooklyn Wednesday morning, the police said https://t.co/avcNdu3OFv",-0.6486,0.0,0.798,0.202
466,@nytimes,2018-03-14 12:00:13+00:00,Morning¬†Briefing: Here's what you need to know to start your day https://t.co/h9PVjeK9CA https://t.co/Yoo45yOaBo,0.0,0.0,1.0,0.0
467,@nytimes,2018-03-14 11:50:04+00:00,"The parents of Seth Rich, the young Democratic aide whose unsolved murder became grist for right-wing conspiracy th‚Ä¶ https://t.co/bMGOWrhcDE",-0.6705,0.13,0.578,0.292
468,@nytimes,2018-03-14 11:40:10+00:00,Pennsylvania election results and maps https://t.co/nSnEVyiSWN,0.0,0.0,1.0,0.0
469,@nytimes,2018-03-14 11:30:05+00:00,"In Russia, the poisoning of an ex-spy in Britain only adds to Vladimir Putin's image as a fearless defender of the‚Ä¶ https://t.co/zdf90ktL5y",-0.128,0.165,0.69,0.146
470,@nytimes,2018-03-14 11:15:06+00:00,Rex Tillerson was the most persistent advocate of opening diplomatic channels with North Korea ‚Äî a position that pu‚Ä¶ https://t.co/AS2eAJKc6a,0.0,0.0,1.0,0.0
471,@nytimes,2018-03-14 11:00:06+00:00,Conor Lamb appeared on the verge of capturing Pennsylvania's 18th District despite a torrent of Republican money an‚Ä¶ https://t.co/eXCZzosRBD,0.0,0.0,1.0,0.0
472,@nytimes,2018-03-14 10:44:05+00:00,"""They're named black holes because they are related to human fears of being destroyed or gobbled up,"" Stephen Hawki‚Ä¶ https://t.co/wj9lt4JYl3",-0.7184,0.0,0.75,0.25
473,@nytimes,2018-03-14 10:30:08+00:00,Morning¬†Briefing: Here's what you need to know to start your day https://t.co/xQgDsox4ka https://t.co/lco7aHyx77,0.0,0.0,1.0,0.0
474,@nytimes,2018-03-14 10:15:05+00:00,"RT @MattAndersonNYT: A survivor of a terrorist attack in Norway said a new movie had turned ""my life‚Äôs nightmare into popular entertainment‚Ä¶",-0.5423,0.189,0.534,0.278
475,@nytimes,2018-03-14 10:00:22+00:00,"""As long as gay people don‚Äôt have their rights all across America, there‚Äôs no reason for celebration"" ‚Äî Marsha John‚Ä¶ https://t.co/tjzZi9a6GH",-0.296,0.0,0.896,0.104
476,@nytimes,2018-03-14 09:45:06+00:00,"Netflix paid Claire Foy, Queen on ""The Crown,"" less than her on-screen husband https://t.co/xva6TeTJTZ",0.0,0.0,1.0,0.0
477,@nytimes,2018-03-14 09:30:07+00:00,"RT @nytimesworld: Japan's fear: ""Mr. Trump might forget what he was told or instructed or advised"" on North Korea https://t.co/pR95c0KcCW",-0.6249,0.0,0.779,0.221
478,@nytimes,2018-03-14 09:15:08+00:00,United Airlines apologized after a dog died on a flight during which it was stored in a passenger's overhead compar‚Ä¶ https://t.co/E9fecdOBLC,0.128,0.215,0.633,0.152
479,@nytimes,2018-03-14 09:00:13+00:00,Officials in Washington say that China has too many steel and aluminum factories ‚Äî and many Chinese officials agree‚Ä¶ https://t.co/Ah0uq3Veli,0.0,0.0,1.0,0.0
480,@nytimes,2018-03-14 08:44:04+00:00,"""It appears that it clearly came from Russia,"" Rex Tillerson said about the deadly nerve-gas attack in Britain. His‚Ä¶ https://t.co/sQmz3Vm6D8",-0.1027,0.113,0.756,0.13
481,@nytimes,2018-03-14 08:31:05+00:00,Pennsylvania election results and maps https://t.co/3lCL8OejXp,0.0,0.0,1.0,0.0
482,@nytimes,2018-03-14 08:16:05+00:00,"‚ÄúWhat a triumph his life has been,‚Äù said the astronomer royal of Britain and Stephen Hawking's longtime colleague https://t.co/PakkCAj8Fc",0.4767,0.154,0.846,0.0
483,@nytimes,2018-03-14 08:02:07+00:00,"He hoped that naming his son after Donald Trump would, somehow, rub off on the child‚Äôs fortunes. If anything, the n‚Ä¶ https://t.co/pdnS33zbZd",0.3818,0.11,0.89,0.0
484,@nytimes,2018-03-14 07:47:05+00:00,"RT @NYTmag: As the list of endangered animals worldwide grows longer, society may soon be faced with an impossible decision: which ones to‚Ä¶",0.0,0.0,1.0,0.0
485,@nytimes,2018-03-14 07:32:03+00:00,"""The Irish were slaves, too,"" the memes often say. But they're not true.
From 2017: https://t.co/FRHYpHc9gP",-0.3252,0.0,0.865,0.135
486,@nytimes,2018-03-14 07:17:04+00:00,"Five women told The Times that the star architect Richard Meier sexually harassed them. In response, he announced a‚Ä¶ https://t.co/C8ZFBnEKe2",-0.5423,0.0,0.844,0.156
487,@nytimes,2018-03-14 07:02:06+00:00,"""We can monitor this conflict in almost real-time and detect flare-ups that may indicate violence is starting to sp‚Ä¶ https://t.co/HGDo7QVyai",-0.7734,0.0,0.728,0.272
488,@nytimes,2018-03-14 06:59:25+00:00,Contributing Op-Ed Writer: Why I Am Dreading Netanyahu‚Äôs Departure https://t.co/zs6KsJG9kX,-0.5267,0.0,0.702,0.298
489,@nytimes,2018-03-14 06:41:05+00:00,Pennsylvania election results and maps https://t.co/EdCyKrdXj0,0.0,0.0,1.0,0.0
490,@nytimes,2018-03-14 06:21:01+00:00,"A spokesman for ICE has resigned, saying that he could no longer ‚Äúbear the burden‚Äù of spreading falsehoods on behal‚Ä¶ https://t.co/mUyeckUKSL",-0.4939,0.0,0.811,0.189
491,@nytimes,2018-03-14 06:02:06+00:00,"The New York Times obituary for Stephen Hawking, who roamed the cosmos from a wheelchair, pondering the nature of g‚Ä¶ https://t.co/dX22E1SS40",0.0,0.0,1.0,0.0
492,@nytimes,2018-03-14 05:51:04+00:00,RT @nytpolitics: President Trump's decision to replace Secretary of State Rex Tillerson suggests he is determined to surround himself with‚Ä¶,0.34,0.112,0.888,0.0
493,@nytimes,2018-03-14 05:27:05+00:00,It was the eye roll seen across China https://t.co/7tQLnoXxmG,0.0,0.0,1.0,0.0
494,@nytimes,2018-03-14 05:14:24+00:00,"As Merkel Begins New Term, Compromises Could Undo Economic Boom https://t.co/y3MFMOFfQ3",0.0,0.0,1.0,0.0
495,@nytimes,2018-03-14 05:08:04+00:00,"Participating in political activism may be good for our teenagers, according to a new report
https://t.co/cAQKADu72L",0.4404,0.172,0.828,0.0
496,@nytimes,2018-03-14 04:53:00+00:00,Photos: Dr. Hawking captured the public imagination and endeared himself to tens of millions of people around the w‚Ä¶ https://t.co/6ac8cs47tt,0.0,0.0,1.0,0.0
497,@nytimes,2018-03-14 04:42:53+00:00,Stephen Hawking on ‚ÄòStarshot‚Äô Project https://t.co/V7iK0EvFDp,0.0,0.0,1.0,0.0
498,@nytimes,2018-03-14 04:37:07+00:00,"‚ÄúGoing forward, no one gets paid more than the queen,‚Äù the producers of ""The Crown"" said. But it's too late to bene‚Ä¶ https://t.co/cABxBvhqFU",-0.296,0.0,0.909,0.091
499,@nytimes,2018-03-14 04:22:00+00:00,Stephen Hawking pondered the nature of gravity and the origin of the universe and became an emblem of human determi‚Ä¶ https://t.co/kUpN3n4X0m,0.0,0.0,1.0,0.0
